1	jons/external/45325main_69_rs4.jpg	NASA	Buzz Aldrin's bootprint
2	jons/external/49566main_83_rs4.jpg	NASA	Mars
3	jons/external/51678main_isabel_new_high.jpg	NASA	Hurricane Isabel
4	jons/external/53139main_jwhires.jpg	NASA	Pinwheel Galaxy
5	jons/external/53255main_97_jwhires.jpg	NASA	Jupiter
6	jons/external/56229main_137b_jwfull.jpg	NASA	Saturn
7	jons/external/57329_151_jwfull.jpg	NASA	Orion Nebula
8	jons/external/57380_152_jwfull.jpg	NASA	Mt. Everest
9	jons/external/A0E726331352CD0Cbg.jpg	Fish & Wildlife	Alabama shad
10	jons/external/AS04-01-410_bg.jpg	NASA	Earth
11	jons/external/AS16-113-18339_bg.jpg	NASA	Apollo XVI
12	jons/external/AS16-114-18423_bg.jpg	NASA	Apollo XVI
13	jons/external/AS16-118-18885_bg.jpg	NASA	Apollo XVI
14	jons/external/AS16-120-19187_bg.jpg	NASA	Apollo XVI
15	jons/external/F4A08300-AB9Fb.jpg	Fish & Wildlife	African lion
16	jons/external/PIA05049.jpg	NASA	Mars
17	jons/external/S66-26354_bg.jpg	NASA	Apollo I Crew
18	jons/external/S66-30238_bg.jpg	NASA	Apollo 1 Crew
19	jons/external/S67-43593_bg.jpg	NASA	Apollo IV
20	jons/external/S81-28974_bg.jpg	NASA	Shuttle Columbia
21	jons/external/S81-29212_bg.jpg	NASA	STS-1 Columbia
22	jons/external/S81-30498_bg.jpg	NASA	Columbia
23	jons/external/S81-30744_bg.jpg	NASA	Columbia
24	jons/external/cheetah1_bg.jpg	Fish & Wildlife	Cheetahs
25	jons/external/condor1_bg.jpg	Fish & Wildlife	California Condor
26	jons/external/s77e5052_bg.jpg	NASA	Shuttle
27	jons/external/wolf1_bg.jpg	Fish & Wildlife	Grey Wolf
28	jons/ireland2/ireland_100_bg_061602.jpg	Ireland	Deerpark
29	jons/ireland2/ireland_102_bg_061602.jpg	Ireland	Clover
30	jons/ireland2/ireland_106_bg_061602.jpg	Ireland	Deerpark
31	jons/ireland2/ireland_107_bg_061602.jpg	Ireland	Sheep
32	jons/ireland2/ireland_110_bg_061602.jpg	Ireland	Glencar Waterfall
33	jons/ireland2/ireland_118_bg_061702.jpg	Ireland	Ireland
34	jons/ireland2/ireland_124_bg_061702.jpg	Ireland	Carrowkeel
35	jons/ireland2/ireland_140_bg_061702.jpg	Ireland	Carrowmore
36	jons/ireland2/ireland_143_bg_061702.jpg	Ireland	Benbulbin
37	jons/ireland2/ireland_145_bg_061702.jpg	Ireland	Strandhill
38	jons/ireland2/ireland_152_bg_061702.jpg	Ireland	Ireland
39	jons/ireland2/ireland_153_bg_061702.jpg	Ireland	Strandhill Ireland
40	jons/ireland2/ireland_156_bg_061802.jpg	Ireland	Ireland
41	jons/ireland2/ireland_160_bg_061802.jpg	Ireland	Janus Figure
42	jons/ireland2/ireland_168_bg_061902.jpg	Ireland	Ireland
43	jons/ireland2/ireland_170_bg_061902.jpg	Ireland	Ireland
44	jons/ireland2/ireland_184_bg_061902.jpg	Ireland	Slieve League
45	jons/ireland2/ireland_193_bg_061902.jpg	Ireland	Slieve League
46	jons/ireland2/ireland_217_bg_061902.jpg	Ireland	Ireland
47	jons/ireland2/ireland_218_bg_061902.jpg	Ireland	Ireland
48	jons/ireland2/ireland_28_bg_061402.jpg	Ireland	Well
49	jons/ireland2/ireland_29_bg_061402.jpg	Ireland	Gleninagh Castle
50	jons/ireland2/ireland_32_bg_061402.jpg	Ireland	Black~~s Head
51	jons/ireland2/ireland_38_bg_061402.jpg	Ireland	Seafood Plate
52	jons/ireland2/ireland_40_bg_061402.jpg	Ireland	Sheep
53	jons/ireland2/ireland_41_bg_061402.jpg	Ireland	Old Man
54	jons/ireland2/ireland_60_bg_061502.jpg	Ireland	Rock of Cashel
55	jons/ireland2/ireland_62_bg_061502.jpg	Ireland	Cashel Ireland
56	jons/ireland2/ireland_86_bg_061602.jpg	Ireland	Golf
57	jons/pictures/003_3_1.jpg	User Pics	Bitterroots
58	jons/pictures/aaron1bg_80299.jpg	Work	Co-worker Aaron
59	jons/pictures/airshow_10_bg_101400.jpg	Airshow	Miramar Airshow
60	jons/pictures/airshow_12_bg_101400.jpg	Airshow	Miramar Airshow
61	jons/pictures/airshow_16_bg_101400.jpg	Airshow	Miramar Airshow
62	jons/pictures/airshow_17_bg_101400.jpg	Airshow	Miramar Airshow
63	jons/pictures/airshow_23_bg_101400.jpg	Airshow	Miramar Airshow
64	jons/pictures/airshow_27_bg_101400.jpg	Airshow	Miramar Airshow
65	jons/pictures/airshow_3_bg_101400.jpg	Airshow	Miramar Airshow
66	jons/pictures/animal_10_bg_060802.jpg	Plants	Flower
67	jons/pictures/animal_13_bg_060802.jpg	Plants	Flower
68	jons/pictures/animal_1_bg_041302.jpg	Wild Animal	Okapi
69	jons/pictures/animal_2_bg_060802.jpg	Wild Animal	Bird
70	jons/pictures/animal_6_bg_060802.jpg	Wild Animal	Lemur
71	jons/pictures/animal_8_bg_060802.jpg	Wild Animal	Duck
72	jons/pictures/animal_9_bg_060802.jpg	Wild Animal	Flower
73	jons/pictures/animal_park21bg_041500.jpg	Wild Animal	Birds
74	jons/pictures/animal_park7bg_041500.jpg	Wild Animal	Butterfly
75	jons/pictures/animal_park8bg_041500.jpg	Wild Animal	Butterfly Lady
76	jons/pictures/animal_park_11_bg_0601701.jpg	Wild Animal	Gorilla!
77	jons/pictures/animal_park_13_bg_0601701.jpg	Wild Animal	Butterfly!
78	jons/pictures/animal_park_14_bg_0601701.jpg	Wild Animal	Butterfly!
79	jons/pictures/animal_park_1_bg_0601701.jpg	Wild Animal	Elk!
80	jons/pictures/animal_park_6_bg_0601701.jpg	Wild Animal	Condor!
81	jons/pictures/aniv_13_bg_041001.jpg	Family	65th anniversary
82	jons/pictures/aniv_24_bg_041001.jpg	Family	65th anniversary
83	jons/pictures/aniv_2_bg_041001.jpg	Family	65th anniversary
84	jons/pictures/aniv_32_bg_041001.jpg	Los Angeles	LAX
85	jons/pictures/aniv_34_bg_041001.jpg	Family	65th anniversary
86	jons/pictures/aniv_3_bg_041001.jpg	Family	65th anniversary
87	jons/pictures/ant_2_bg_032402.jpg	Plants	Ants
88	jons/pictures/apt1bg_080199.jpg	Home	My Apartment in Mira Mesa
89	jons/pictures/armor_2_bg_021201.jpg	SCA	Armor
90	jons/pictures/art_fest_4_bg_060901.jpg	La Jolla	Tamale
91	jons/pictures/asada_1_bg_051801.jpg	Cooking	Carne asada tacos
92	jons/pictures/balba2bg_082299.jpg	Balboa Park	A bumble bee
93	jons/pictures/balboa_10_bg_042702.jpg	Balboa Park	Flower
94	jons/pictures/balboa_12_bg_111900.jpg	Balboa Park	Balboa Park
95	jons/pictures/balboa_2_bg_042702.jpg	Balboa Park	Flower
96	jons/pictures/balboa_2_bg_091501.jpg	Balboa Park	Flowers!
97	jons/pictures/balboa_3_bg_051802.jpg	Balboa Park	Fish
98	jons/pictures/balboa_4_bg_051802.jpg	Balboa Park	Lilly
99	jons/pictures/balboa_6_bg_042702.jpg	Misc	Food
100	jons/pictures/balboa_6_bg_111900.jpg	Balboa Park	Cactus garden
101	jons/pictures/balboa_8_bg_042702.jpg	Balboa Park	Flower
102	jons/pictures/balboa_8_bg_111900.jpg	Balboa Park	Rose garden
103	jons/pictures/balboa_park_2_bg_061001.jpg	Balboa Park	Tower!
104	jons/pictures/balloon_10_bg_060901.jpg	Festivals	Balloons!
105	jons/pictures/balloon_13_bg_060901.jpg	Festivals	Balloons!
106	jons/pictures/balloon_16_bg_060901.jpg	Festivals	Balloons!
107	jons/pictures/balloon_18_bg_060901.jpg	Festivals	Balloons!
108	jons/pictures/balloon_22_bg_060901.jpg	Festivals	Balloons!
109	jons/pictures/balloon_7_bg_060901.jpg	Festivals	Hot Air Balloons
110	jons/pictures/balloon_8_bg_060901.jpg	Festivals	Balloons!
111	jons/pictures/bbq_1_bg_090301.jpg	Recreation	BBQ
112	jons/pictures/beach_2_bg_051902.jpg	Ocean	Beach
113	jons/pictures/beach_2_bg_060102.jpg	Ocean	Surfing
114	jons/pictures/beach_3_bg_060902.jpg	Ocean	Surfing
115	jons/pictures/beach_4_bg_033002.jpg	La Jolla	Beach
116	jons/pictures/beach_4_bg_060902.jpg	Ocean	Tidepool
117	jons/pictures/beach_9_bg_033002.jpg	San Diego	Bay
118	jons/pictures/bear_1_bg_010502.jpg	SD Zoo	Bear!
119	jons/pictures/beard_1_bg_081601.jpg	Jon	Jon!
120	jons/pictures/beef_1_bg_111200.jpg	Cooking	Beef Wellington
121	jons/pictures/beltaine_10_bg_050702.jpg	Beltaine	Snow
122	jons/pictures/beltaine_11_bg_042801.jpg	Family	Mountains!
123	jons/pictures/beltaine_11_bg_050702.jpg	Beltaine	Snow
124	jons/pictures/beltaine_12_bg_050402.jpg	Beltaine	Fire
125	jons/pictures/beltaine_13_bg_042801.jpg	Beltaine	Fire!
126	jons/pictures/beltaine_15_bg_050402.jpg	Beltaine	Alter
127	jons/pictures/beltaine_16_bg_050502.jpg	Beltaine	Food
128	jons/pictures/beltaine_17_bg_050402.jpg	Beltaine	Fire
129	jons/pictures/beltaine_18_bg_050402.jpg	Beltaine	Alter
130	jons/pictures/beltaine_19_bg_050402.jpg	Beltaine	Beagle
131	jons/pictures/beltaine_1_bg_042701.jpg	Family	Chickens!
132	jons/pictures/beltaine_1_bg_050502.jpg	Beltaine	Beltaine
133	jons/pictures/beltaine_20_bg_050402.jpg	Beltaine	Mountain
134	jons/pictures/beltaine_22_bg_050402.jpg	Beltaine	Barn
135	jons/pictures/beltaine_23_bg_050402.jpg	Beltaine	Tree
136	jons/pictures/beltaine_24_bg_050402.jpg	Beltaine	Mountains
137	jons/pictures/beltaine_25_bg_050402.jpg	Beltaine	Lake
138	jons/pictures/beltaine_26_bg_050402.jpg	Beltaine	Jon
139	jons/pictures/beltaine_27_bg_050502.jpg	Beltaine	Jon
140	jons/pictures/beltaine_28_bg_043001.jpg	Family	Farm!
141	jons/pictures/beltaine_29_bg_043001.jpg	Tourist	Airplane!
142	jons/pictures/beltaine_2_bg_042701.jpg	Family	Chickens!
143	jons/pictures/beltaine_2_bg_050502.jpg	Beltaine	Beltaine
144	jons/pictures/beltaine_30_bg_043001.jpg	Tourist	Airplane!
145	jons/pictures/beltaine_3_bg_042701.jpg	Beltaine	Stream!
146	jons/pictures/beltaine_3_bg_050502.jpg	Beltaine	Beltaine
147	jons/pictures/beltaine_4_bg_042701.jpg	Beltaine	Stream!
148	jons/pictures/beltaine_4_bg_050502.jpg	Beltaine	Island
149	jons/pictures/beltaine_5_bg_050502.jpg	Beltaine	Beltaine
150	jons/pictures/beltaine_6_bg_050502.jpg	Beltaine	Beltaine
151	jons/pictures/beltaine_7_bg_042701.jpg	Family	Mountains!
152	jons/pictures/beltaine_7_bg_050602.jpg	Beltaine	Farm
153	jons/pictures/beltaine_9_bg_050602.jpg	Beltaine	Pond
154	jons/pictures/birch10bg_010800.jpg	Attractions	Kelp tank
155	jons/pictures/birch11bg_010800.jpg	Attractions	Jelly Fish
156	jons/pictures/birch3bg_010800.jpg	Attractions	Clown Fish
157	jons/pictures/birch9bg_010800.jpg	Attractions	Jelly Fish
158	jons/pictures/bird_3_bg_032402.jpg	Wild Animal	Bird
159	jons/pictures/bird_6_bg_032402.jpg	Wild Animal	Bird
160	jons/pictures/birdrock_2_bg_060301.jpg	Festivals	Bird Rock
161	jons/pictures/birdrock_3_bg_060301.jpg	Cool Stuff	Tubes!
162	jons/pictures/board_1_bg_121401.jpg	Work	Work
163	jons/pictures/bridge_1_bg_092301.jpg	Tourist	Bridge!
164	jons/pictures/bugle_1_sm_122501.jpg	User Pics	Bugle
165	jons/pictures/burger_1_bg_121201.jpg	Cooking	Burger!
166	jons/pictures/butterfly_1_bg_032402.jpg	Plants	Bird
167	jons/pictures/butterfly_1_bg_111101.jpg	Misc	butterfly
168	jons/pictures/butterfly_3_bg_032402.jpg	Plants	Butterfly
169	jons/pictures/cajun_5_bg_102001.jpg	Festivals	Cajun
170	jons/pictures/capistrano_1_bg_063001.jpg	Tourist	Mission!
171	jons/pictures/capistrano_3_bg_063001.jpg	Tourist	Mission!
172	jons/pictures/capistrano_4_bg_063001.jpg	Tourist	Mission!
173	jons/pictures/chicken_2_bg_122101.jpg	OC	Mall
174	jons/pictures/chilis10bg_052800.jpg	Home	Chilis
175	jons/pictures/christmas_1_bg_122500.jpg	Home	Christmas ~~00
176	jons/pictures/city_1_bg_120201.jpg	San Diego	Lights!
177	jons/pictures/clam_1_bg_030502.jpg	Cooking	Clams
178	jons/pictures/cocktail_1_bg_060702.jpg	Misc	Shrimp
179	jons/pictures/computer1bg_120899.jpg	Home	My little world
180	jons/pictures/computer9bg_052900.jpg	Home	Computer
181	jons/pictures/coranado1bg_031000.jpg	San Diego	San Diego skyline
182	jons/pictures/croc_1_bg_030302.jpg	Wild Animal	Croc
183	jons/pictures/dad_1_bg_010102.jpg	User Pics	Bugle
184	jons/pictures/deathvalley_10_bg_031101.jpg	Death Valley	Death Valley
185	jons/pictures/deathvalley_11_bg_031101.jpg	Death Valley	Death Valley
186	jons/pictures/deathvalley_12_bg_031101.jpg	Death Valley	Death Valley
187	jons/pictures/deathvalley_15_bg_031101.jpg	Death Valley	Death Valley
188	jons/pictures/deathvalley_17_bg_031101.jpg	Death Valley	Death Valley
189	jons/pictures/deathvalley_1_bg_031101.jpg	Death Valley	Death Valley
190	jons/pictures/deathvalley_5_bg_031101.jpg	Death Valley	Death Valley
191	jons/pictures/deathvalley_8_bg_031101.jpg	Death Valley	Death Valley
192	jons/pictures/deathvalley_9_bg_031101.jpg	Death Valley	Death Valley
193	jons/pictures/defcon9_12_bg_071401.jpg	Cool Stuff	Sony
194	jons/pictures/defcon9_8_bg_071401.jpg	Vegas	Elvis!
195	jons/pictures/diet_coke_bg_1_040601.jpg	Misc	Diet Coke
196	jons/pictures/dietcoke1bg_031900.jpg	Cool Stuff	Diet Coke
197	jons/pictures/dinner_1_bg_112401.jpg	User Pics	Jon
198	jons/pictures/dinner_2_bg_112401.jpg	User Pics	Jon
199	jons/pictures/dinner_3_bg_112401.jpg	User Pics	Food
200	jons/pictures/disney_1_bg_112401.jpg	OC	Disney
201	jons/pictures/disney_2_bg_112401.jpg	OC	Disney
202	jons/pictures/eclipse_1_bg_061002.jpg	Cool Stuff	Eclipse
203	jons/pictures/eclipse_2_bg_061002.jpg	Cool Stuff	Eclipse
204	jons/pictures/eclipse_3_bg_061002.jpg	Cool Stuff	Sun
205	jons/pictures/ethnic_3_bg_052701.jpg	Festivals	Ethnic Fair
206	jons/pictures/f4_1_bg_021001.jpg	Paintball	F-4 Illustrator
207	jons/pictures/fajitas1bg_100599.jpg	Cooking	Fajitas
208	jons/pictures/farm1_bg_092599.jpg	Family	Flags
209	jons/pictures/farm2_bg_092599.jpg	Family	Sharon~~s hut
210	jons/pictures/farm6_bg_092699.jpg	Family	The Bitterroots
211	jons/pictures/farm7_bg_092699.jpg	Family	Sharon~~s Yurt
212	jons/pictures/farm8_bg_092699.jpg	Family	Drying chilis
213	jons/pictures/farm9_bg_092699.jpg	Family	The Bitterroot Valley
214	jons/pictures/fish_1_bg_022402.jpg	Sea World	Fish
215	jons/pictures/flamingo_1_bg_010502.jpg	SD Zoo	Bird!
216	jons/pictures/flamingo_2_bg_010502.jpg	SD Zoo	Bird!
217	jons/pictures/getty_10_bg_020301.jpg	The Getty	Getty
218	jons/pictures/getty_11_bg_020301.jpg	The Getty	Getty
219	jons/pictures/getty_12_bg_020301.jpg	The Getty	Rembrandt
220	jons/pictures/getty_13_bg_020301.jpg	The Getty	Getty
221	jons/pictures/getty_14_bg_020301.jpg	The Getty	Getty
222	jons/pictures/getty_15_bg_020301.jpg	The Getty	Getty
223	jons/pictures/getty_16_bg_020301.jpg	The Getty	The Garden
224	jons/pictures/getty_17_bg_020301.jpg	The Getty	Terra Cotta
225	jons/pictures/getty_18_bg_020301.jpg	The Getty	Greek pottery
226	jons/pictures/getty_19_bg_020301.jpg	The Getty	Roman thing
227	jons/pictures/getty_20_bg_020301.jpg	The Getty	Marcus Aurelius
228	jons/pictures/getty_21_bg_020301.jpg	The Getty	cactus garden
229	jons/pictures/getty_22_bg_020301.jpg	The Getty	Smog
230	jons/pictures/getty_2_bg_020301.jpg	The Getty	Getty
231	jons/pictures/getty_3_bg_020301.jpg	The Getty	Getty
232	jons/pictures/getty_4_bg_020301.jpg	The Getty	Getty
233	jons/pictures/getty_5_bg_020301.jpg	The Getty	Getty
234	jons/pictures/getty_6_bg_020301.jpg	The Getty	Getty
235	jons/pictures/getty_7_bg_020301.jpg	The Getty	Getty
236	jons/pictures/getty_8_bg_020301.jpg	The Getty	Getty
237	jons/pictures/getty_9_bg_020301.jpg	The Getty	Getty
238	jons/pictures/griffith_2_bg_012701.jpg	Los Angeles	Griffith
239	jons/pictures/griffith_6_bg_012701.jpg	Los Angeles	Griffith
240	jons/pictures/griz1_bg_092699.jpg	Montana	The Griz vs Weber
241	jons/pictures/gumbo3bg_122499.jpg	Cooking	Shrimp Gumbo
242	jons/pictures/horses_1_bg_080501.jpg	Sea World	Horses!
243	jons/pictures/horses_2_bg_080501.jpg	Sea World	Horses!
244	jons/pictures/hub_1_bg_072101.jpg	Home	Hub!
245	jons/pictures/ibis_1_bg_022302.jpg	Sea World	Ibis
246	jons/pictures/india1bg_030900.jpg	Tourist	Star of India
247	jons/pictures/indian_fair_2_bg_061001.jpg	Balboa Park	Dancing!
248	jons/pictures/jalapenos_1_bg_012801.jpg	Cooking	Jalapenos
249	jons/pictures/jon10bg_100599.jpg	Jon	Jon
250	jons/pictures/jon11bg_100599.jpg	Jon	Jon
251	jons/pictures/jon12bg_100599.jpg	Jon	What a stud
252	jons/pictures/jon13bg_112999.jpg	Jon	Jon with a fountain
253	jons/pictures/jon14bg_121099.jpg	Jon	Nerd alert!
254	jons/pictures/jon15bg_021300.jpg	Jon	I P on everything
255	jons/pictures/jon17bg_021900.jpg	Jon	Me and My Penguin
256	jons/pictures/jon19bg_1121599.jpg	Jon	Jon at Work
257	jons/pictures/jon20bg_020400.jpg	Jon	Jon at Work 2
258	jons/pictures/jon22bg_032100.jpg	Jon	Ugh
259	jons/pictures/jon23bg_032400.jpg	Jon	Bad Hair
260	jons/pictures/jon31bg_041700.jpg	Jon	The Blue Guy
261	jons/pictures/jon41bg_060100.jpg	Jon	Chilis
262	jons/pictures/jon61bg_091880.jpg	Montana	Jon and Marilee
263	jons/pictures/jon9bg_100199.jpg	Work	Jon with a crazed grin
264	jons/pictures/jon_1_bg_012501.jpg	Jon	Jon
265	jons/pictures/jon_1_bg_013102.jpg	Jon	Jon
266	jons/pictures/jon_1_bg_021702.jpg	Jon	Jon
267	jons/pictures/jon_1_bg_040101.jpg	Jon	Jon
268	jons/pictures/jon_1_bg_080701.jpg	Jon	Jon!
269	jons/pictures/jon_1_bg_081801.jpg	Jon	Jon!
270	jons/pictures/jon_1_bg_092201.jpg	Jon	Jon!
271	jons/pictures/jon_1_bg_121900.jpg	Jon	Jon
272	jons/pictures/jon_2_bg_062501.jpg	Jon	Jon!
273	jons/pictures/jon_2_bg_082101.jpg	Jon	Stuffed Penguin
274	jons/pictures/jon_5_bg_052101.jpg	Jon	Jon
275	jons/pictures/julian_1_bg_051202.jpg	Recreation	Lake
276	jons/pictures/julian_3_bg_051202.jpg	Recreation	Bird
277	jons/pictures/julian_4_bg_051202.jpg	Recreation	Lake
278	jons/pictures/julian_5_bg_051202.jpg	Recreation	Lake
279	jons/pictures/julian_6_bg_051202.jpg	Recreation	Trees
280	jons/pictures/julian_7_bg_051202.jpg	Recreation	Fence
281	jons/pictures/julian_8_bg_051202.jpg	Recreation	Hills
282	jons/pictures/kiev1bg_033100.jpg	Cooking	Chicken Kiev
283	jons/pictures/kings_1_bg_051802.jpg	Misc	Beer
284	jons/pictures/krispy_1_bg_011401.jpg	Cool Stuff	Krispy Kreme
285	jons/pictures/la_1_bg_040401.jpg	Los Angeles	Traffic
286	jons/pictures/lajolla1bg_80199.jpg	La Jolla	La Jolla Cove
287	jons/pictures/lajolla2bg_80199.jpg	La Jolla	A crab
288	jons/pictures/lajolla4bg_80199.jpg	La Jolla	A tree
289	jons/pictures/lajolla7bg_112399.jpg	La Jolla	Seals
290	jons/pictures/lajolla8bg_120599.jpg	La Jolla	La Jolla Shores
291	jons/pictures/lajolla9bg_121899.jpg	Work	Office view
292	jons/pictures/lajolla_1_bg_121600.jpg	La Jolla	La Jolla Cove
293	jons/pictures/lajolla_2_bg_121600.jpg	La Jolla	La Jolla Cove
294	jons/pictures/lajolla_3_bg_121600.jpg	La Jolla	La Jolla Cove
295	jons/pictures/lajolla_4_bg_121600.jpg	La Jolla	La Jolla Cove
296	jons/pictures/lajolla_5_bg_121600.jpg	La Jolla	La Jolla Cove
297	jons/pictures/lajolla_6_bg_121600.jpg	La Jolla	La Jolla Cove
298	jons/pictures/lajolla_7_bg_121600.jpg	La Jolla	La Jolla Cove
299	jons/pictures/lajolla_8_bg_121600.jpg	La Jolla	La Jolla Cove
300	jons/pictures/lajolla_9_bg_121600.jpg	La Jolla	La Jolla Cove
301	jons/pictures/lasagna_1_bg_082101.jpg	Cooking	Lasagna!
302	jons/pictures/legoland_10_bg_102000.jpg	Attractions	Legoland
303	jons/pictures/legoland_14_bg_102000.jpg	Attractions	Legoland
304	jons/pictures/legoland_15_bg_102000.jpg	Attractions	Legoland
305	jons/pictures/legoland_17_bg_102000.jpg	Attractions	Legoland
306	jons/pictures/legoland_18_bg_102000.jpg	Attractions	Legoland
307	jons/pictures/legoland_1_bg_102000.jpg	Attractions	Lego Penguin
308	jons/pictures/legoland_20_bg_102000.jpg	Attractions	Legoland
309	jons/pictures/legoland_21_bg_102000.jpg	Attractions	Legoland
310	jons/pictures/legoland_22_bg_102000.jpg	Attractions	Legoland
311	jons/pictures/legoland_2_bg_102000.jpg	Attractions	Legoland
312	jons/pictures/legoland_3_bg_102000.jpg	Attractions	Legoland
313	jons/pictures/legoland_6_bg_102000.jpg	Attractions	Legoland
314	jons/pictures/legoland_7_bg_102000.jpg	Attractions	Legoland
315	jons/pictures/legoland_9_bg_102000.jpg	Attractions	Legoland
316	jons/pictures/lights_3_bg_120801.jpg	Balboa Park	Crowd!
317	jons/pictures/lights_5_bg_120801.jpg	Balboa Park	Lights!
318	jons/pictures/long_beach_1_bg_063001.jpg	Cool Stuff	Aquarium!
319	jons/pictures/long_beach_2_bg_063001.jpg	Cool Stuff	Aquarium!
320	jons/pictures/long_beach_5_bg_063001.jpg	Cool Stuff	Dragon!
321	jons/pictures/long_beach_6_bg_063001.jpg	Cool Stuff	Jelly!
322	jons/pictures/longbeach_1_bg_041102.jpg	OC	Long Beach
323	jons/pictures/lot_1_bg_121001.jpg	Work	Parking!
324	jons/pictures/madison_1_bg_090300.jpg	Wisconsin	Madison
325	jons/pictures/madison_2_bg_090300.jpg	Wisconsin	Madison
326	jons/pictures/madison_3_bg_090300.jpg	Wisconsin	Taste of Madison
327	jons/pictures/madison_4_bg_090300.jpg	Wisconsin	Taste of Madison
328	jons/pictures/madison_5_bg_090300.jpg	Wisconsin	Taste of Madison
329	jons/pictures/madison_6_bg_090300.jpg	Wisconsin	Wisconsin
330	jons/pictures/madison_7_bg_090300.jpg	Wisconsin	Taste of Madison
331	jons/pictures/manatees_11_bg_080501.jpg	Sea World	Manatees!
332	jons/pictures/manatees_1_bg_080501.jpg	Sea World	Fish!
333	jons/pictures/manatees_6_bg_080501.jpg	Sea World	Manatees!
334	jons/pictures/manatees_8_bg_080501.jpg	Sea World	Manatees
335	jons/pictures/medford_1_bg_090400.jpg	Wisconsin	Medford
336	jons/pictures/micah1bg_80299.jpg	Work	Micah
337	jons/pictures/miguels_2_bg_042001.jpg	Family	Eating at Miguel~~s
338	jons/pictures/miguels_3_bg_042001.jpg	Family	Eating at Miguel~~s
339	jons/pictures/millenium1bg_123199.jpg	New Years	New Years In Balboa Park
340	jons/pictures/millenium2bg_123199.jpg	New Years	New Years In Balboa Park
341	jons/pictures/millenium3bg_123199.jpg	New Years	Spreckels at New Years
342	jons/pictures/millenium4bg_123199.jpg	New Years	New Years In Balboa Park
343	jons/pictures/millenium5bg_123199.jpg	New Years	New Years Fireworks
344	jons/pictures/millenium6bg_123199.jpg	New Years	New Years In Balboa Park
345	jons/pictures/millenium7bg_123199.jpg	New Years	New Years In Balboa Park
346	jons/pictures/millenium8bg_123199.jpg	New Years	Fireworks In Balboa Park
347	jons/pictures/millenium9bg_123199.jpg	New Years	New Years In Balboa Park
348	jons/pictures/miramesa_1_bg_011301.jpg	Home	Mira Mesa
349	jons/pictures/mission_5_bg_042102.jpg	Plants	Water Lillies
350	jons/pictures/missoula1bg_092799.jpg	Montana	Missoula station
351	jons/pictures/missoula2bg_092799.jpg	Montana	The Clark Fork
352	jons/pictures/missoula3bg_092799.jpg	Montana	Caras Park
353	jons/pictures/missoula4bg_092799.jpg	Montana	Higgin~~s street bridge
354	jons/pictures/mom_1_bg_010102.jpg	User Pics	Mom
355	jons/pictures/momanddad_1_bg_042101.jpg	Family	Cabrillo Monument
356	jons/pictures/momdad_10_bg_042201.jpg	Attractions	Candy Fish
357	jons/pictures/momdad_11_bg_042201.jpg	Attractions	Candy Fish
358	jons/pictures/momdad_13_bg_042201.jpg	Attractions	Fish
359	jons/pictures/momdad_17_bg_042201.jpg	Attractions	Fish
360	jons/pictures/momdad_18_bg_042201.jpg	Family	Pointing
361	jons/pictures/momdad_1_bg_041179.jpg	Family	Group Photo
362	jons/pictures/momdad_21_bg_042201.jpg	La Jolla	La Jolla
363	jons/pictures/momdad_26_bg_042201.jpg	Family	Ocean!
364	jons/pictures/momdad_2_bg_042201.jpg	Family	Beach!
365	jons/pictures/momdad_36_bg_042201.jpg	Family	Beach!
366	jons/pictures/momdad_37_bg_042201.jpg	Family	Beach!
367	jons/pictures/momdad_6_bg_042201.jpg	Family	Dad
368	jons/pictures/momdad_7_bg_042201.jpg	La Jolla	La Jolla
369	jons/pictures/monterey_10_bg_110400.jpg	Monterey	Monterey
370	jons/pictures/monterey_11_bg_110400.jpg	Monterey	Monterey
371	jons/pictures/monterey_12_bg_110500.jpg	Monterey	Monterey
372	jons/pictures/monterey_13_bg_110500.jpg	Monterey	Monterey
373	jons/pictures/monterey_14_bg_110500.jpg	Monterey	Monterey
374	jons/pictures/monterey_15_bg_110400.jpg	Monterey	Monterey
375	jons/pictures/monterey_16_bg_110400.jpg	Monterey	Monterey
376	jons/pictures/monterey_18_bg_110400.jpg	Monterey	Monterey
377	jons/pictures/monterey_19_bg_110400.jpg	Monterey	Monterey
378	jons/pictures/monterey_20_bg_110500.jpg	Monterey	Monterey
379	jons/pictures/monterey_21_bg_110500.jpg	Monterey	Monterey
380	jons/pictures/monterey_22_bg_110400.jpg	Monterey	Monterey
381	jons/pictures/monterey_23_bg_110400.jpg	Monterey	Monterey
382	jons/pictures/monterey_25_bg_110400.jpg	Monterey	Monterey
383	jons/pictures/monterey_26_bg_110400.jpg	Monterey	Monterey
384	jons/pictures/monterey_27_bg_110400.jpg	Monterey	Monterey
385	jons/pictures/monterey_30_bg_110500.jpg	Monterey	Monterey
386	jons/pictures/monterey_31_bg_110500.jpg	Monterey	Monterey
387	jons/pictures/monterey_32_bg_110500.jpg	Monterey	Monterey
388	jons/pictures/monterey_33_bg_110500.jpg	Monterey	Monterey
389	jons/pictures/monterey_36_bg_110500.jpg	Monterey	Monterey
390	jons/pictures/monterey_3_bg_110400.jpg	Monterey	Monterey
391	jons/pictures/monterey_43_bg_110500.jpg	Monterey	Monterey
392	jons/pictures/monterey_47_bg_110400.jpg	Monterey	Monterey
393	jons/pictures/monterey_49_bg_110400.jpg	Monterey	Monterey
394	jons/pictures/monterey_51_bg_110400.jpg	Monterey	Monterey
395	jons/pictures/monterey_53_bg_110400.jpg	Monterey	Monterey
396	jons/pictures/monterey_6_bg_110400.jpg	Monterey	Monterey
397	jons/pictures/moon1bg_122399.jpg	Cool Stuff	Millenium Moon
398	jons/pictures/museum12bg_070800.jpg	Balboa Park	Friendship Garden
399	jons/pictures/natilus_1_bg_022402.jpg	Sea World	Fish
400	jons/pictures/night_1_bg_050202.jpg	Ocean	Beach
401	jons/pictures/night_1_bg_050602.jpg	Beltaine	Barn
402	jons/pictures/night_2_bg_050202.jpg	Balboa Park	Fountain
403	jons/pictures/night_2_bg_050602.jpg	Beltaine	Night
404	jons/pictures/night_2_bg_051902.jpg	San Diego	City
405	jons/pictures/night_2_bg_060102.jpg	San Diego	Star
406	jons/pictures/night_3_bg_051902.jpg	San Diego	Night
407	jons/pictures/ocean_3_bg_121601.jpg	San Diego	Birds!
408	jons/pictures/ocean_4_bg_121601.jpg	Ocean	San Diego Bay
409	jons/pictures/ocean_beach_2_bg_062301.jpg	Festivals	Painting!
410	jons/pictures/ocean_beach_5_bg_062301.jpg	San Diego	Surfing!
411	jons/pictures/office_1_bg_080501.jpg	Home	Office!
412	jons/pictures/office_1_bg_083001.jpg	Home	Computers!
413	jons/pictures/office_1_bg_101300.jpg	Work	Desk
414	jons/pictures/office_2_bg_080501.jpg	Home	Office!
415	jons/pictures/office_2_bg_101300.jpg	Work	Office
416	jons/pictures/orchid_1_bg_032402.jpg	Plants	Flowers
417	jons/pictures/orchid_2_bg_032402.jpg	Plants	Flowers
418	jons/pictures/orchid_4_bg_032402.jpg	Plants	Flowers
419	jons/pictures/paella_1_bg_010602.jpg	Work	Shrimp
420	jons/pictures/paintball_10_bg_022401.jpg	Paintball	Paintball
421	jons/pictures/paintball_10_bg_032401.jpg	Paintball	Paintball
422	jons/pictures/paintball_11_bg_032401.jpg	Paintball	Paintball
423	jons/pictures/paintball_12_bg_032401.jpg	Paintball	Paintball
424	jons/pictures/paintball_1_bg_021801.jpg	Paintball	Paintball
425	jons/pictures/paintball_1_bg_032401.jpg	Paintball	Paintball
426	jons/pictures/paintball_2_bg_032401.jpg	Paintball	Paintball
427	jons/pictures/paintball_2_sm_022401.jpg	Paintball	Paintball
428	jons/pictures/paintball_3_bg_022401.jpg	Paintball	Paintball
429	jons/pictures/paintball_3_bg_032401.jpg	Paintball	Paintball
430	jons/pictures/paintball_4_bg_022401.jpg	Paintball	Paintball
431	jons/pictures/paintball_4_bg_032401.jpg	Paintball	Paintball
432	jons/pictures/paintball_5_bg_022401.jpg	Paintball	Paintball
433	jons/pictures/paintball_5_bg_032401.jpg	Paintball	Paintball
434	jons/pictures/paintball_6_bg_022401.jpg	Paintball	Paintball
435	jons/pictures/paintball_6_bg_032401.jpg	Paintball	Paintball
436	jons/pictures/paintball_7_bg_022401.jpg	Paintball	Paintball
437	jons/pictures/paintball_7_bg_032401.jpg	Paintball	Paintball
438	jons/pictures/paintball_8_bg_022401.jpg	Paintball	Paintball
439	jons/pictures/paintball_8_bg_032401.jpg	Paintball	Paintball
440	jons/pictures/paintball_9_bg_022401.jpg	Paintball	Paintball
441	jons/pictures/paintball_9_bg_032401.jpg	Paintball	Paintball
442	jons/pictures/parents3_bg_092599.jpg	Family	My Parent~~s house
443	jons/pictures/parents4_bg_092599.jpg	Family	The farm
444	jons/pictures/parents5_bg_092599.jpg	Family	My parents house
445	jons/pictures/parents7_bg_092699.jpg	Montana	Dinner at the Sullivan~~s
446	jons/pictures/parking_lot_1_bg_100300.jpg	Work	Parking Lot
447	jons/pictures/penguin_1_bg_121900.jpg	Cool Stuff	Gumby Penguin
448	jons/pictures/penguins_10_bg_010101.jpg	Penguins	Penguins
449	jons/pictures/penguins_11_bg_010101.jpg	Penguins	Penguins
450	jons/pictures/penguins_12_bg_010101.jpg	Penguins	Penguins
451	jons/pictures/penguins_13_bg_010101.jpg	Penguins	Penguins
452	jons/pictures/penguins_14_bg_010101.jpg	Penguins	Penguins
453	jons/pictures/penguins_15_bg_010101.jpg	Penguins	Penguins
454	jons/pictures/penguins_16_bg_010101.jpg	Penguins	Penguins
455	jons/pictures/penguins_17_bg_010101.jpg	Penguins	Penguins
456	jons/pictures/penguins_1_bg_010101.jpg	Penguins	Penguins
457	jons/pictures/penguins_1_bg_022302.jpg	Sea World	penguins
458	jons/pictures/penguins_2_bg_010101.jpg	Penguins	Penguins
459	jons/pictures/penguins_3_bg_010101.jpg	Penguins	Penguins
460	jons/pictures/penguins_4_bg_010101.jpg	Penguins	Penguins
461	jons/pictures/penguins_5_bg_010101.jpg	Penguins	Penguins
462	jons/pictures/penguins_6_bg_010101.jpg	Penguins	Penguins
463	jons/pictures/penguins_7_bg_010101.jpg	Penguins	Penguins
464	jons/pictures/penguins_8_bg_010101.jpg	Penguins	Penguins
465	jons/pictures/penguins_9_bg_010101.jpg	Penguins	Penguins
466	jons/pictures/phoenix_10_bg_050501.jpg	Phoenix	Red!
467	jons/pictures/phoenix_11_bg_050501.jpg	Phoenix	Sedona
468	jons/pictures/phoenix_12_bg_050501.jpg	Phoenix	Red!
469	jons/pictures/phoenix_13_bg_050501.jpg	Phoenix	Red!
470	jons/pictures/phoenix_14_bg_050501.jpg	Phoenix	Food
471	jons/pictures/phoenix_15_bg_050501.jpg	Phoenix	Food
472	jons/pictures/phoenix_18_bg_050601.jpg	Phoenix	Phoenix
473	jons/pictures/phoenix_1_bg_050501.jpg	Phoenix	Wake Boarding
474	jons/pictures/phoenix_2_bg_050501.jpg	Phoenix	Crowd?
475	jons/pictures/phoenix_3_bg_050501.jpg	Phoenix	Tent?
476	jons/pictures/phoenix_4_bg_050501.jpg	Phoenix	Festival!
477	jons/pictures/phoenix_5_bg_050501.jpg	Phoenix	Phoenix
478	jons/pictures/phoenix_6_bg_050501.jpg	Phoenix	Arcosanti
479	jons/pictures/phoenix_7_bg_050501.jpg	Phoenix	Castle!
480	jons/pictures/phoenix_8_bg_050501.jpg	Phoenix	Red!
481	jons/pictures/phoenix_9_bg_050501.jpg	Phoenix	Castle!
482	jons/pictures/picata_1_bg_122100.jpg	Cooking	Chicken Piccata
483	jons/pictures/pizza_1_bg_120201.jpg	Cooking	Pizza
484	jons/pictures/pizzas5bg_060100.jpg	Cooking	Pizza
485	jons/pictures/portland_1_bg_121200.jpg	Work	Portland EV
486	jons/pictures/portland_2_bg_121200.jpg	Work	Portland EV
487	jons/pictures/portland_6_bg_121200.jpg	Jon	Jon at Kell~~s
488	jons/pictures/portland_8_bg_121200.jpg	Tourist	Snow
489	jons/pictures/puffin_1_bg_022302.jpg	Sea World	Puffin
490	jons/pictures/quail_10_bg_090101.jpg	Tourist	Pond!
491	jons/pictures/quail_11_bg_090101.jpg	Tourist	Figs!
492	jons/pictures/quail_13_bg_090101.jpg	Tourist	Flower!
493	jons/pictures/quail_3_bg_090101.jpg	Tourist	Dragonfly
494	jons/pictures/quail_7_bg_090101.jpg	Tourist	Flower
495	jons/pictures/quail_8_bg_090101.jpg	Tourist	Tree!
496	jons/pictures/queen_mary_10_bg_063001.jpg	Tourist	Queen Mary
497	jons/pictures/queen_mary_11_bg_063001.jpg	Cool Stuff	Fireworks
498	jons/pictures/queen_mary_14_bg_063001.jpg	Cool Stuff	Fireworks
499	jons/pictures/queen_mary_1_bg_063001.jpg	Tourist	Queen Mary
500	jons/pictures/queen_mary_3_bg_063001.jpg	Tourist	Queen Mary
501	jons/pictures/queen_mary_4_bg_063001.jpg	Tourist	Queen Mary
502	jons/pictures/queen_mary_9_bg_063001.jpg	Tourist	Queen Mary
503	jons/pictures/rain_1_bg_011101.jpg	Work	Commute
504	jons/pictures/rav_1_bg_012801.jpg	Cooking	Ravioli
505	jons/pictures/realale_4_bg_060201.jpg	Festivals	Squirrel!
506	jons/pictures/realale_8_bg_060201.jpg	Festivals	Beer!
507	jons/pictures/rhino_1_bg_030302.jpg	Wild Animal	Rhino
508	jons/pictures/rio1bg_070400.jpg	Computer Art	Rio Player
509	jons/pictures/sand_10_bg_072901.jpg	Festivals	Crowds!
510	jons/pictures/sand_11_bg_072901.jpg	Festivals	Crowds!
511	jons/pictures/sand_1_bg_072901.jpg	Festivals	Sand!
512	jons/pictures/sand_2_bg_072901.jpg	Festivals	Sand!
513	jons/pictures/sand_3_bg_072901.jpg	Festivals	Sand!
514	jons/pictures/sand_4_bg_072901.jpg	Festivals	Sand!
515	jons/pictures/sand_5_bg_072901.jpg	Festivals	Sand!
516	jons/pictures/sand_7_bg_072901.jpg	Festivals	Sand!
517	jons/pictures/sand_8_bg_072901.jpg	Festivals	Sand!
518	jons/pictures/sandiego2bg_80799.jpg	San Diego	San Diego skyline
519	jons/pictures/sandwich1bg_033000.jpg	Cool Stuff	I am Tuna!
520	jons/pictures/santamonica_2_bg_012002.jpg	Los Angeles	Santa Monica
521	jons/pictures/sd_zoo3_bg_112499.jpg	SD Zoo	Large ape
522	jons/pictures/seagull_1_bg_032302.jpg	Ocean	Seagulls
523	jons/pictures/seaworld11bg_112699.jpg	Sea World	Killer whale
524	jons/pictures/seaworld1_bg_092400.jpg	Sea World	Sea World
525	jons/pictures/seaworld1bg_112699.jpg	Sea World	killer whales
526	jons/pictures/seaworld6bg_112699.jpg	Sea World	Killer whale
527	jons/pictures/seaworld8bg_112699.jpg	Sea World	Shamoo
528	jons/pictures/seaworld_16_bg_092400.jpg	Sea World	Sea World
529	jons/pictures/seaworld_18_bg_092400.jpg	Sea World	Sea World
530	jons/pictures/seaworld_1_bg_010101.jpg	Sea World	Neon
531	jons/pictures/seaworld_1_bg_051901.jpg	Sea World	Splash!
532	jons/pictures/seaworld_2_bg_010101.jpg	Sea World	Mud Skipper
533	jons/pictures/seaworld_3_bg_010101.jpg	Sea World	Golden Trout
534	jons/pictures/seaworld_3_bg_051901.jpg	Sea World	Splash!
535	jons/pictures/seaworld_5_bg_092400.jpg	Sea World	Sea World
536	jons/pictures/seaworld_6_bg_051901.jpg	Sea World	Lion Fish
537	jons/pictures/seaworld_6_bg_092400.jpg	Sea World	Sea World
538	jons/pictures/seaworld_7_bg_092400.jpg	Sea World	Sea World
539	jons/pictures/seq_10_bg_052502.jpg	Sequoia	Sherman
540	jons/pictures/seq_12_bg_052502.jpg	Sequoia	Mountains
541	jons/pictures/seq_14_bg_052502.jpg	Sequoia	Lake
542	jons/pictures/seq_22_bg_052602.jpg	Sequoia	River
543	jons/pictures/seq_24_bg_052602.jpg	Sequoia	Leaves
544	jons/pictures/seq_28_bg_052602.jpg	Sequoia	Meadow
545	jons/pictures/seq_29_bg_052602.jpg	Sequoia	Leaf
546	jons/pictures/seq_31_bg_052602.jpg	Sequoia	Sequoia ~~02
547	jons/pictures/seq_35_bg_052602.jpg	Sequoia	Bug
548	jons/pictures/seq_3_bg_052702.jpg	Sequoia	Stream
549	jons/pictures/seq_42_bg_052702.jpg	Sequoia	Moro Rock
550	jons/pictures/seq_44_bg_052702.jpg	Sequoia	Ocean
551	jons/pictures/seq_47_bg_052702.jpg	Sequoia	Seagull
552	jons/pictures/seq_4_bg_052702.jpg	Sequoia	Waterfall
553	jons/pictures/seq_6_bg_052702.jpg	Sequoia	Tree
554	jons/pictures/seq_9_bg_052502.jpg	Sequoia	Trees
555	jons/pictures/sequoia_5_bg_082000.jpg	Sequoia	Sherman Tree
556	jons/pictures/sequoia_7_bg_082000.jpg	Sequoia	Sequoia Park
557	jons/pictures/sharks_1_bg_100801.jpg	Sea World	Tube!
558	jons/pictures/sharon2_bg_092699.jpg	Montana	Dad and Sharon
559	jons/pictures/shrimp1bg_080199.jpg	Cooking	Grilled Cajon Shrimp
560	jons/pictures/shrimp_1_bg_010502.jpg	Cooking	Shrimp!
561	jons/pictures/shrimp_1_bg_060402.jpg	Cooking	Prawns
562	jons/pictures/smirnoff_1_bg_020201.jpg	Misc	Smirnoff Ice
563	jons/pictures/snow_1_bg_050702.jpg	Beltaine	Snow
564	jons/pictures/solidad2bg_120599.jpg	La Jolla	La Jolla
565	jons/pictures/stan_3_bg_020902.jpg	Festivals	Dragon
566	jons/pictures/steak3bg_051500.jpg	Cooking	Marinated Steak
567	jons/pictures/steak_1_bg_081601.jpg	Cooking	Steak!
568	jons/pictures/steaks1bg_070400.jpg	Cooking	Steaks
569	jons/pictures/streetscene_10_bg_090701.jpg	Street Scene	Night!
570	jons/pictures/streetscene_11_bg_090701.jpg	Street Scene	Concert!
571	jons/pictures/streetscene_12_bg_090801.jpg	Street Scene	Band!
572	jons/pictures/streetscene_14_bg_090801.jpg	Street Scene	Concert!
573	jons/pictures/streetscene_15_bg_090801.jpg	Street Scene	Music!
574	jons/pictures/streetscene_16_bg_090801.jpg	Street Scene	Skyline!
575	jons/pictures/streetscene_17_bg_090801.jpg	Street Scene	Festival!
576	jons/pictures/streetscene_18_bg_090801.jpg	Street Scene	Street Scene
577	jons/pictures/streetscene_1_bg_090701.jpg	Street Scene	Band!
578	jons/pictures/streetscene_20_bg_090801.jpg	Street Scene	Festival!
579	jons/pictures/streetscene_22_bg_090801.jpg	Street Scene	Band!
580	jons/pictures/streetscene_23_bg_090801.jpg	Street Scene	Festival!
581	jons/pictures/streetscene_24_bg_090801.jpg	Street Scene	Corn!
582	jons/pictures/streetscene_27_bg_090901.jpg	Street Scene	Festival!
583	jons/pictures/streetscene_28_bg_090901.jpg	Street Scene	Festival!
584	jons/pictures/streetscene_29_bg_090901.jpg	Street Scene	Festival!
585	jons/pictures/streetscene_2_bg_090701.jpg	Street Scene	Festival!
586	jons/pictures/streetscene_30_bg_090901.jpg	Street Scene	Bird!
587	jons/pictures/streetscene_31_bg_090901.jpg	Street Scene	Festival!
588	jons/pictures/streetscene_32_bg_090901.jpg	Street Scene	Band!
589	jons/pictures/streetscene_33_bg_090901.jpg	Street Scene	Offspring!
590	jons/pictures/streetscene_34_bg_090901.jpg	Street Scene	Offspring!
591	jons/pictures/streetscene_4_bg_090701.jpg	Street Scene	Festival!
592	jons/pictures/streetscene_5_bg_090701.jpg	Street Scene	Street Scene
593	jons/pictures/streetscene_7_bg_090701.jpg	Street Scene	Festival!
594	jons/pictures/streetscene_8_bg_090701.jpg	Street Scene	Festival!
595	jons/pictures/sun_1_bg_010301.jpg	Cool Stuff	Bloody Sun
596	jons/pictures/sunrise_3_bg_042102.jpg	Misc	San Diego Bay Sailboats
597	jons/pictures/sunrise_5_bg_042102.jpg	San Diego	San Diego
598	jons/pictures/sunset_1_bg_040602.jpg	Ocean	Sunset
599	jons/pictures/sunset_2_bg_040602.jpg	Ocean	Sunset
600	jons/pictures/sunset_3_bg_040602.jpg	Ocean	Sunset
601	jons/pictures/surfing_2_bg_032302.jpg	Ocean	Surfing
602	jons/pictures/swordfish_1_bg_110901.jpg	Cooking	Swordfish
603	jons/pictures/sxsw_10_bg_031002.jpg	SXSW	SXSW
604	jons/pictures/sxsw_12_bg_031002.jpg	SXSW	SXSW
605	jons/pictures/sxsw_13_bg_031002.jpg	SXSW	SXSW
606	jons/pictures/sxsw_14_bg_031102.jpg	SXSW	SXSW
607	jons/pictures/sxsw_15_bg_031202.jpg	SXSW	SXSW
608	jons/pictures/sxsw_16_bg_031202.jpg	SXSW	SXSW
609	jons/pictures/sxsw_17_bg_031202.jpg	SXSW	SXSW
610	jons/pictures/sxsw_18_bg_031202.jpg	SXSW	SXSW
611	jons/pictures/sxsw_19_bg_031202.jpg	SXSW	SXSW
612	jons/pictures/sxsw_1_bg_030902.jpg	SXSW	SXSW
613	jons/pictures/sxsw_20_bg_031202.jpg	SXSW	SXSW
614	jons/pictures/sxsw_21_bg_031202.jpg	SXSW	SXSW
615	jons/pictures/sxsw_22_bg_031202.jpg	SXSW	SXSW
616	jons/pictures/sxsw_2_bg_030902.jpg	SXSW	SXSW
617	jons/pictures/sxsw_3_bg_030902.jpg	SXSW	SXSW
618	jons/pictures/sxsw_4_bg_030902.jpg	SXSW	SXSW
619	jons/pictures/sxsw_5_bg_030902.jpg	SXSW	SXSW
620	jons/pictures/sxsw_6_bg_031002.jpg	SXSW	SXSW
621	jons/pictures/sxsw_7_bg_031002.jpg	SXSW	SXSW
622	jons/pictures/sxsw_9_bg_030902.jpg	SXSW	SXSW
623	jons/pictures/tacos_1_bg_010102.jpg	Cooking	Tacos
624	jons/pictures/thanksgiving_10_bg_112300.jpg	Thanksgiving	Thanksgiving
625	jons/pictures/thanksgiving_11_bg_112300.jpg	Thanksgiving	Thanksgiving
626	jons/pictures/thanksgiving_12_bg_112300.jpg	Thanksgiving	Thanksgiving
627	jons/pictures/thanksgiving_1_bg_112300.jpg	Thanksgiving	Thanksgiving
628	jons/pictures/thanksgiving_2_bg_112300.jpg	Thanksgiving	Thanksgiving
629	jons/pictures/thanksgiving_3_bg_112300.jpg	Thanksgiving	Thanksgiving
630	jons/pictures/thanksgiving_4_bg_112300.jpg	Thanksgiving	Thanksgiving
631	jons/pictures/thanksgiving_5_bg_112300.jpg	Thanksgiving	Thanksgiving
632	jons/pictures/thanksgiving_6_bg_112300.jpg	Thanksgiving	Thanksgiving
633	jons/pictures/thanksgiving_7_bg_112300.jpg	Thanksgiving	Thanksgiving
634	jons/pictures/thanksgiving_8_bg_112300.jpg	Thanksgiving	Thanksgiving
635	jons/pictures/thanksgiving_9_bg_112300.jpg	Thanksgiving	Thanksgiving
636	jons/pictures/tidepool_1_bg_063001.jpg	Ocean	Ocean!
637	jons/pictures/tidepools_1_bg_012101.jpg	Cool Stuff	Tide Pools
638	jons/pictures/tidepools_3_bg_012101.jpg	Cool Stuff	Barnicles
639	jons/pictures/torry_pines3bg_121199.jpg	Tourist	Torrey Pines State Park
640	jons/pictures/traffic_1_bg_120200.jpg	Work	Traffic
641	jons/pictures/tree_2_bg_122201.jpg	OC	Tree
642	jons/pictures/tree_3_bg_122201.jpg	OC	Fountain
643	jons/pictures/tree_4_bg_122201.jpg	OC	Tree
644	jons/pictures/tunabg_070300.jpg	Computer Art	Tuna Can
645	jons/pictures/uofm1_bg_092699.jpg	Montana	University of Montana
646	jons/pictures/user_1_bg_042801.jpg	User Pics	Beltaine!
647	jons/pictures/user_2_bg_042801.jpg	User Pics	Beltaine!
648	jons/pictures/user_3_bg_042801.jpg	User Pics	Beltaine!
649	jons/pictures/val_2_bg_052601.jpg	Work	Wedding!
650	jons/pictures/val_5_bg_052601.jpg	Work	Wedding!
651	jons/pictures/val_7_bg_052601.jpg	Work	Suits!
652	jons/pictures/val_8_bg_052601.jpg	Work	Wedding!
653	jons/pictures/vegas19_bg_072800.jpg	Vegas	Coke World
654	jons/pictures/vegas21_bg_072800.jpg	Vegas	King Tut
655	jons/pictures/vegas24_bg_072900.jpg	Vegas	MGM Lion
656	jons/pictures/vegas2_bg_072800.jpg	Vegas	Tower
657	jons/pictures/vegas_10_bg_012702.jpg	Vegas	The Aladdin
658	jons/pictures/vegas_10_bg_031001.jpg	Vegas	Vegas at night
659	jons/pictures/vegas_12_bg_012702.jpg	Vegas	Casinos
660	jons/pictures/vegas_13_bg_012702.jpg	Vegas	New York New York
661	jons/pictures/vegas_1_bg_012602.jpg	Vegas	Vegas!
662	jons/pictures/vegas_30_bg_012602.jpg	Vegas	Freemont Street
663	jons/pictures/vegas_32_bg_012702.jpg	Work	Museum
664	jons/pictures/vegas_34_bg_012702.jpg	Vegas	Fountains
665	jons/pictures/vegas_35_bg_012702.jpg	Vegas	Hallway
666	jons/pictures/vegas_7_bg_012602.jpg	Vegas	Vegas!
667	jons/pictures/venice1bg_031100.jpg	Los Angeles	Muscle Beach
668	jons/pictures/venice2bg_031100.jpg	Tourist	Venice Beach
669	jons/pictures/venice3bg_031100.jpg	Los Angeles	Venice Beach drummers
670	jons/pictures/venice4bg_031100.jpg	Los Angeles	Venice Beach
671	jons/pictures/warner3bg_090599.jpg	Recreation	PCT near Warner Springs
672	jons/pictures/warner4bg_090599.jpg	Recreation	PCT near Warner Springs
673	jons/pictures/wausau_1_bg_090200.jpg	Wisconsin	Timm~~s Hill Park
674	jons/pictures/wausau_2_bg_090200.jpg	Wisconsin	Timm~~s Hill Park
675	jons/pictures/wausau_3_bg_090200.jpg	Wisconsin	Medford
676	jons/pictures/wausau_5_bg_090200.jpg	Wisconsin	Timm~~s Hill
677	jons/pictures/wausau_6_bg_090200.jpg	Wisconsin	Timm~~s Hill Park
678	jons/pictures/wausau_7_bg_090200.jpg	Wisconsin	Hotel Room
679	jons/pictures/wave_1_bg_032302.jpg	Ocean	Wave
680	jons/pictures/wave_2_bg_032302.jpg	Ocean	Ocean
681	jons/pictures/wave_3_bg_032302.jpg	Ocean	Wave
682	jons/pictures/wedding10bg_042900.jpg	Wedding	Sharon & Raymond's Wedding
683	jons/pictures/wedding12bg_042900.jpg	Wedding	Sharon & Raymond's Wedding
684	jons/pictures/wedding13bg_042900.jpg	Wedding	Sharon & Raymond's Wedding
685	jons/pictures/wedding14bg_043000.jpg	Wedding	Sharon & Raymond's Wedding
686	jons/pictures/wedding15bg_043000.jpg	Wedding	Sharon & Raymond's Wedding
687	jons/pictures/wedding17bg_043000.jpg	Wedding	Sharon & Raymond's Wedding
688	jons/pictures/wedding18bg_043000.jpg	Wedding	Sharon & Raymond's Wedding
689	jons/pictures/wedding19bg_043000.jpg	Wedding	Sharon & Raymond's Wedding
690	jons/pictures/wedding1bg_043000.jpg	Wedding	Sharon & Raymond's Wedding
691	jons/pictures/wedding2bg_043000.jpg	Wedding	Sharon & Raymond's Wedding
692	jons/pictures/wedding4bg_043000.jpg	Wedding	Sharon & Raymond's Wedding
693	jons/pictures/wedding5bg_042900.jpg	Wedding	Sharon & Raymond's Wedding
694	jons/pictures/wedding6bg_042900.jpg	Wedding	Sharon & Raymond's Wedding
695	jons/pictures/wedding7bg_042900.jpg	Wedding	Sharon & Raymond's Wedding
696	jons/pictures/wedding8sbg_042900.jpg	Wedding	Sharon & Raymond's Wedding
697	jons/pictures/wedding9bg_042900.jpg	Wedding	Sharon & Raymond~~s Wedding
698	jons/pictures/wiener_2_bg_111701.jpg	Festivals	Dogs!
699	jons/pictures/wiener_4_bg_111701.jpg	Festivals	Wieners
700	jons/pictures/winter_3_bg_012902.jpg	Home	Clouds!
701	jons/pictures/zoo21bg_051599.jpg	SD Zoo	Turtle's Butt
702	jons/pictures/zoo23bg_071600.jpg	SD Zoo	Bird
703	jons/pictures/zoo34bg_071600.jpg	SD Zoo	Komodo Dragon
704	jons/pictures/zoo_1_bg_060102.jpg	SD Zoo	Panda
705	jons/pictures/zoo_2_bg_060102.jpg	SD Zoo	Owl
706	jons/pictures/zoo_2_bg_072201.jpg	SD Zoo	Bear!
707	jons/pictures/zoo_2_bg_091501.jpg	SD Zoo	Panda!
708	jons/pictures/zoo_3_bg_091501.jpg	SD Zoo	Lion!
709	jons/pictures/zoo_4_bg_060102.jpg	SD Zoo	Owl
710	jons/pictures/zoo_4_bg_091501.jpg	SD Zoo	Monkey!
711	jons/pictures/zoo_4_bg_102100.jpg	SD Zoo	Basilisk
712	jons/pictures/zoo_5_bg_041402.jpg	Wild Animal	Scorpion
713	jons/pictures2//fireworks_1_bg_070402.jpg	Cool Stuff	Fireworks
714	jons/pictures2//fireworks_2_bg_070402.jpg	Cool Stuff	Fireworks
715	jons/pictures2//fireworks_3_bg_070402.jpg	Cool Stuff	Fireworks
716	jons/pictures2/airshow_10_bg_101902.jpg	Airshow	Air Show
717	jons/pictures2/airshow_1_bg_101902.jpg	Airshow	Air Show
718	jons/pictures2/airshow_2_bg_101902.jpg	Airshow	Air Show
719	jons/pictures2/airshow_3_bg_101902.jpg	Airshow	Air Show
720	jons/pictures2/airshow_5_bg_101902.jpg	Airshow	Air Show
721	jons/pictures2/airshow_6_bg_101902.jpg	Airshow	Explosions
722	jons/pictures2/airshow_7_bg_101902.jpg	Airshow	Jet
723	jons/pictures2/airshow_8_bg_101902.jpg	Airshow	Air Show
724	jons/pictures2/airshow_9_bg_101902.jpg	Airshow	Air Show
725	jons/pictures2/anenome_2_bg_122802.jpg	OC	Erchin
726	jons/pictures2/anenome_3_bg_122802.jpg	Los Angeles	Anemone
727	jons/pictures2/anenome_4_bg_122802.jpg	Misc	Jelly Fish
728	jons/pictures2/animal_3_bg_102602.jpg	Wild Animal	Duck
729	jons/pictures2/animal_4_bg_102602.jpg	Wild Animal	Duck
730	jons/pictures2/aquarium_1_bg_062902.jpg	Attractions	Seafood
731	jons/pictures2/aquarium_2_bg_062902.jpg	Attractions	Jelly Fish
732	jons/pictures2/aquarium_4_bg_062902.jpg	Attractions	Shrimp
733	jons/pictures2/aquarium_5_bg_062902.jpg	Attractions	Shark
734	jons/pictures2/aquarium_7_bg_062902.jpg	Attractions	Fountain
735	jons/pictures2/arches_1_bg_012003.jpg	Utah	Arches
736	jons/pictures2/arches_3_bg_012003.jpg	Utah	Arches
737	jons/pictures2/balboa_2_bg_070402.jpg	Balboa Park	Bee
738	jons/pictures2/balboa_2_bg_122102.jpg	Plants	Rose
739	jons/pictures2/balboa_3_bg_072802.jpg	Balboa Park	Lotus Flower
740	jons/pictures2/balboa_4_bg_070402.jpg	Cool Stuff	Bee
741	jons/pictures2/balboa_4_bg_072802.jpg	Plants	Buds
742	jons/pictures2/balboa_5_bg_070702.jpg	Balboa Park	Pond
743	jons/pictures2/balboa_5_bg_072802.jpg	Plants	Flower
744	jons/pictures2/bc_12_bg_082302.jpg	Vegas	Blogcon 2002
745	jons/pictures2/bc_20_bg_082502.jpg	Vegas	Vegas
746	jons/pictures2/bc_21_bg_082502.jpg	Vegas	Vegas
747	jons/pictures2/beach_1_bg_010503.jpg	Ocean	Point Loma
748	jons/pictures2/beach_2_bg_010503.jpg	San Diego	Coronado
749	jons/pictures2/beach_3_bg_010503.jpg	Ocean	Point Loma Sunset
750	jons/pictures2/beach_3_bg_121402.jpg	Ocean	Waves
751	jons/pictures2/beach_5_bg_121402.jpg	Ocean	Wave
752	jons/pictures2/canyon_2_bg_011803.jpg	Tourist	Grand Canyon
753	jons/pictures2/canyon_6_bg_011803.jpg	Tourist	Grand Canyon
754	jons/pictures2/canyon_7_bg_011803.jpg	Tourist	Grand Canyon at Sunset
755	jons/pictures2/canyon_8_bg_011803.jpg	Tourist	Grand Canyon
756	jons/pictures2/celtic_1_bg_081802.jpg	OC	Celtic
757	jons/pictures2/celtic_2_bg_081802.jpg	OC	Celtic
758	jons/pictures2/celtic_3_bg_081802.jpg	OC	Celtic
759	jons/pictures2/celtic_4_bg_081802.jpg	OC	Celtic
760	jons/pictures2/celtic_5_bg_081802.jpg	OC	Celtic
761	jons/pictures2/chillies_1_bg_121802.jpg	Home	Christmas
762	jons/pictures2/chips_3_bg_102602.jpg	Macro	Computer Chips
763	jons/pictures2/jets_1_bg_102002.jpg	Airshow	Jets
764	jons/pictures2/jon_1_bg_071602.jpg	Jon	Jon
765	jons/pictures2/jon_1_bg_101702.jpg	Jon	Jon
766	jons/pictures2/jon_2_bg_101702.jpg	Jon	Jon
767	jons/pictures2/lajolla_1_bg_120802.jpg	La Jolla	Surfing
768	jons/pictures2/lajolla_2_bg_120802.jpg	La Jolla	Waves
769	jons/pictures2/lajolla_5_bg_120802.jpg	La Jolla	Waves
770	jons/pictures2/leaf_1_bg_010503.jpg	Plants	Leaf
771	jons/pictures2/lemon_1_bg_010503.jpg	Home	Lemon Tree
772	jons/pictures2/longbeach_1_bg_122802.jpg	OC	Long Beach
773	jons/pictures2/louis_10_bg_101202.jpg	Louisiana	Bug
774	jons/pictures2/louis_11_bg_101202.jpg	Louisiana	Egret
775	jons/pictures2/louis_12_bg_101202.jpg	Louisiana	Rabbit
776	jons/pictures2/louis_13_bg_101202.jpg	Louisiana	Shells
777	jons/pictures2/louis_14_bg_101202.jpg	Louisiana	Fishing
778	jons/pictures2/louis_15_bg_101202.jpg	Louisiana	Shell
779	jons/pictures2/louis_16_bg_101302.jpg	Louisiana	Sunrise
780	jons/pictures2/louis_17_bg_101302.jpg	Louisiana	Cat
781	jons/pictures2/louis_18_bg_101302.jpg	Louisiana	Gator
782	jons/pictures2/louis_19_bg_101302.jpg	Louisiana	Gator
783	jons/pictures2/louis_1_bg_101202.jpg	Louisiana	Swamp
784	jons/pictures2/louis_20_bg_101302.jpg	Louisiana	Spoonbills
785	jons/pictures2/louis_21_bg_101302.jpg	Louisiana	Spoonbill
786	jons/pictures2/louis_22_bg_101302.jpg	Louisiana	Egret
787	jons/pictures2/louis_23_bg_101302.jpg	Louisiana	Sunrise
788	jons/pictures2/louis_24_bg_101302.jpg	Louisiana	Dragonfliy
789	jons/pictures2/louis_26_bg_101402.jpg	Macro	Butterfly
790	jons/pictures2/louis_27_bg_101402.jpg	Louisiana	Swamp
791	jons/pictures2/louis_2_bg_101202.jpg	Louisiana	Bunny
792	jons/pictures2/louis_3_bg_101202.jpg	Louisiana	Shells
793	jons/pictures2/louis_4_bg_101302.jpg	Louisiana	Frogs
794	jons/pictures2/louis_5_bg_101302.jpg	Louisiana	Sun
795	jons/pictures2/louis_6_bg_101202.jpg	Louisiana	Swamp
796	jons/pictures2/louis_7_bg_101202.jpg	Louisiana	Frog
797	jons/pictures2/louis_8_bg_101202.jpg	Louisiana	Bird
798	jons/pictures2/louis_9_bg_101202.jpg	Louisiana	Bug
799	jons/pictures2/macro_3_bg_102602.jpg	Macro	Dollar
800	jons/pictures2/monument_1_bg_011903.jpg	Utah	Monument Valley
801	jons/pictures2/monument_2_bg_011903.jpg	Utah	Monument Valley
802	jons/pictures2/monument_3_bg_011903.jpg	Utah	Monument Valley
803	jons/pictures2/monument_4_bg_011903.jpg	Utah	Monument Valley
804	jons/pictures2/monument_5_bg_011903.jpg	Utah	Monument Valley
805	jons/pictures2/moon_2_bg_072202.jpg	Misc	Moon
806	jons/pictures2/mourning_1_bg_100502.jpg	San Diego	San Diego
807	jons/pictures2/mums_1_bg_102602.jpg	Plants	Mum
808	jons/pictures2/nachos_1_bg_092402.jpg	Cooking	Nachos
809	jons/pictures2/newyears_1_bg_123102.jpg	New Years	New Years
810	jons/pictures2/newyears_2_bg_123102.jpg	New Years	New Years
811	jons/pictures2/newyears_3_bg_123102.jpg	New Years	New Years
812	jons/pictures2/newyears_4_bg_123102.jpg	New Years	New Years
813	jons/pictures2/newyears_5_bg_123102.jpg	New Years	New Years
814	jons/pictures2/newyears_6_bg_123102.jpg	New Years	New Years
815	jons/pictures2/newyears_7_bg_123102.jpg	New Years	New Years
816	jons/pictures2/painted_1_bg_011903.jpg	Tourist	Painted Desert
817	jons/pictures2/park_11_bg_113002.jpg	Wild Animal	Giraffe
818	jons/pictures2/park_1_bg_122902.jpg	Balboa Park	Towers
819	jons/pictures2/park_2_bg_122902.jpg	SD Zoo	Marmoset
820	jons/pictures2/park_4_bg_122902.jpg	San Diego	Lights
821	jons/pictures2/penguins_1_bg_111602.jpg	Penguins	Penguins
822	jons/pictures2/penguins_2_bg_111602.jpg	Penguins	Penguins
823	jons/pictures2/penguins_3_bg_111602.jpg	Penguins	Penguins
824	jons/pictures2/penguins_4_bg_111602.jpg	Penguins	Penguins
825	jons/pictures2/peppers_1_bg_010603.jpg	Home	Peppers
826	jons/pictures2/photoday_10_bg_071302.jpg	Photoday	Photoday 2pm
827	jons/pictures2/photoday_11_bg_071302.jpg	Photoday	Photoday 3pm
828	jons/pictures2/photoday_12_bg_071302.jpg	Photoday	Photoday 4pm
829	jons/pictures2/photoday_13_bg_071302.jpg	Photoday	Photoday 5pm
830	jons/pictures2/photoday_14_bg_071302.jpg	Photoday	Photoday 6pm
831	jons/pictures2/photoday_15_bg_071302.jpg	Photoday	Photoday 7pm
832	jons/pictures2/photoday_16_bg_071302.jpg	Photoday	Photoday 8pm
833	jons/pictures2/photoday_17_bg_071302.jpg	Photoday	Photoday 9pm
834	jons/pictures2/photoday_18_bg_071302.jpg	Photoday	Photoday 10pm
835	jons/pictures2/photoday_19_bg_071302.jpg	Photoday	Photoday 11pm
836	jons/pictures2/photoday_1_bg_071302.jpg	Photoday	Photoday 4:00
837	jons/pictures2/photoday_2_bg_071302.jpg	Photoday	Photoday 5am
838	jons/pictures2/photoday_3_bg_071302.jpg	Photoday	Photoday 6am
839	jons/pictures2/photoday_3a_bg_071302.jpg	Photoday	Photoday 7am
840	jons/pictures2/photoday_4_bg_071302.jpg	Photoday	Photoday 8am
841	jons/pictures2/photoday_5_bg_071302.jpg	Photoday	Photoday 9am
842	jons/pictures2/photoday_6_bg_071302.jpg	Photoday	Photoday 10am
843	jons/pictures2/photoday_7_bg_071302.jpg	Photoday	Photoday 11am
844	jons/pictures2/photoday_8_bg_071302.jpg	Photoday	Photoday 12am
845	jons/pictures2/photoday_9_bg_071302.jpg	Photoday	Photoday 1pm
846	jons/pictures2/pier_1_bg_122102.jpg	San Diego	El Nino
847	jons/pictures2/port_1_bg_010603.jpg	Home	Port
848	jons/pictures2/protest_5_bg_100702.jpg	Los Angeles	Protest March
849	jons/pictures2/race_3_bg_092202.jpg	Recreation	Speed Boat
850	jons/pictures2/race_5_bg_092202.jpg	Recreation	Speed Boat
851	jons/pictures2/redrocks_7_bg_080302.jpg	Vegas	Red Rocks
852	jons/pictures2/rose_1_bg_100502.jpg	Misc	Rose
853	jons/pictures2/rose_2_bg_100502.jpg	Balboa Park	Rose
854	jons/pictures2/rose_4_bg_100502.jpg	Balboa Park	Rose
855	jons/pictures2/sandiego_1_bg_071302.jpg	San Diego	City
856	jons/pictures2/sandiego_3_bg_071302.jpg	Sea World	Cuttle Fish
857	jons/pictures2/snail_1_bg_112302.jpg	Macro	Snail
858	jons/pictures2/snail_2_bg_112302.jpg	Macro	Snail
859	jons/pictures2/sunset_1_bg_010303.jpg	Ocean	Sunset
860	jons/pictures2/sunset_1_bg_111602.jpg	Misc	Sunset
861	jons/pictures2/sunset_1_bg_122602.jpg	La Jolla	Sunset
862	jons/pictures2/sunset_2_bg_010303.jpg	Ocean	Sunset
863	jons/pictures2/sunset_2_bg_112102.jpg	Ocean	Ocean
864	jons/pictures2/sunset_3_bg_010303.jpg	Ocean	Sunset
865	jons/pictures2/sunset_3_bg_111602.jpg	San Diego	La Jolla Sunset
866	jons/pictures2/sunset_3_bg_111702.jpg	Ocean	Sunset
867	jons/pictures2/sunset_3_bg_112102.jpg	La Jolla	La Jolla
868	jons/pictures2/sunset_4_bg_010303.jpg	Ocean	Sunset
869	jons/pictures2/sunset_5_bg_111602.jpg	San Diego	La Jolla
870	jons/pictures2/thanks_10_bg_112802.jpg	Thanksgiving	Scallops
871	jons/pictures2/thanks_11_bg_112802.jpg	Thanksgiving	Dessert
872	jons/pictures2/thanks_12_bg_112802.jpg	Thanksgiving	Sausage
873	jons/pictures2/thanks_1_bg_112802.jpg	Thanksgiving	Brie
874	jons/pictures2/thanks_2_bg_112802.jpg	Thanksgiving	Potatoe
875	jons/pictures2/thanks_3_bg_112802.jpg	Thanksgiving	Port
876	jons/pictures2/thanks_6_bg_112802.jpg	Thanksgiving	Beer
877	jons/pictures2/thanks_7_bg_112802.jpg	Thanksgiving	Beer
878	jons/pictures2/thanks_8_bg_112802.jpg	Thanksgiving	Tuna
879	jons/pictures2/thanks_9_bg_112802.jpg	Thanksgiving	Cosmo
880	jons/pictures2/tracks_2_bg_011903.jpg	Tourist	Dinosaur Tracks
881	jons/pictures2/vegas_6_bg_071902.jpg	Vegas	Volcano
882	jons/pictures2/vegas_6_bg_081102.jpg	Vegas	Hoover Dam
883	jons/pictures2/vegas_7_bg_071902.jpg	Vegas	Caesar~~s palace
884	jons/pictures2/zion_10_bg_110202.jpg	Zion	Zion
885	jons/pictures2/zion_11_bg_110202.jpg	Zion	Zion
886	jons/pictures2/zion_12_bg_110202.jpg	Zion	Zion
887	jons/pictures2/zion_13_bg_110202.jpg	Zion	Zion
888	jons/pictures2/zion_17_bg_110202.jpg	Zion	Narrows
889	jons/pictures2/zion_18_bg_110302.jpg	Zion	Narrows
890	jons/pictures2/zion_19_bg_110302.jpg	Zion	Narrows
891	jons/pictures2/zion_1_bg_110302.jpg	Zion	Zion Narrows - Wall Street
892	jons/pictures2/zion_20_bg_110302.jpg	Zion	Zion Narrows
893	jons/pictures2/zion_21_bg_110302.jpg	Zion	Trees
894	jons/pictures2/zion_22_bg_110302.jpg	Zion	Zion
895	jons/pictures2/zion_23_bg_110302.jpg	Zion	Zion
896	jons/pictures2/zion_24_bg_110302.jpg	Zion	Zion
897	jons/pictures2/zion_2_bg_110302.jpg	Zion	Narrows
898	jons/pictures2/zion_3_bg_110302.jpg	Zion	Zion Narrows
899	jons/pictures2/zion_5_bg_110202.jpg	Zion	Zion
900	jons/pictures2/zion_6_bg_110202.jpg	Zion	Zion
901	jons/pictures2/zion_7_bg_110202.jpg	Zion	Zion
902	jons/pictures2/zion_8_bg_110202.jpg	Zion	Zion
903	jons/pictures2/zion_9_bg_110202.jpg	Zion	Zion
904	jons/pictures2/zoo_1_bg_072702.jpg	SD Zoo	Cat
905	jons/pictures2/zoo_1_bg_090202.jpg	SD Zoo	Peacock
906	jons/pictures2/zoo_3_bg_070402.jpg	SD Zoo	Turtle Sex
907	jons/pictures2/zoo_3_bg_112902.jpg	Plants	Flower
908	jons/pictures2/zoo_4_bg_090202.jpg	SD Zoo	Bird
909	jons/pictures2/zoo_4_bg_11302.jpg	Wild Animal	Cheeta
910	jons/pictures2/zoo_5_bg_090202.jpg	SD Zoo	Horny Lizard
911	jons/pictures2/zoo_5_bg_102002.jpg	SD Zoo	Lizard
912	jons/pictures2/zoo_6_bg_102002.jpg	SD Zoo	Grizzley
913	jons/pictures2/zoo_8_bg_092902.jpg	Wild Animal	Scarlet Macaw
914	jons/pictures3/animal_5_bg_020803.jpg	Wild Animal	Owl
915	jons/pictures3/arches_11_bg_012003.jpg	Utah	Arches
916	jons/pictures3/arches_12_bg_012003.jpg	Utah	Arches
917	jons/pictures3/balboa_2_bg_052603.jpg	Macro	Flower
918	jons/pictures3/balboa_5_bg_020903.jpg	Plants	Flowers
919	jons/pictures3/boise_10_bg_042703.jpg	Tourist	Lava
920	jons/pictures3/boise_11_bg_042703.jpg	Idaho	Volcano
921	jons/pictures3/boise_13_bg_042703.jpg	Idaho	Kitchen
922	jons/pictures3/boise_4_bg_042603.jpg	Idaho	Boise
923	jons/pictures3/bridges_2_bg_011903.jpg	Utah	Bridges
924	jons/pictures3/bridges_3_bg_011903.jpg	Utah	Utah
925	jons/pictures3/bryce_10_bg_070503.jpg	Utah	Sunrise From Bryce Rim
926	jons/pictures3/bryce_11_bg_070503.jpg	Utah	White Tail Deer
927	jons/pictures3/bryce_12_bg_070503.jpg	Utah	Bryce Canyon
928	jons/pictures3/bryce_15_bg_070503.jpg	Utah	Hungry Squirrel
929	jons/pictures3/bryce_16_bg_070603.jpg	Utah	Blue Bird
930	jons/pictures3/bryce_18_bg_070603.jpg	Utah	Bryce Sunrise
931	jons/pictures3/bryce_1_bg_070603.jpg	Utah	Sunrise In Bryce
932	jons/pictures3/bryce_2_bg_070603.jpg	Utah	Bryce Canyon Sunrise
933	jons/pictures3/bryce_3_bg_070603.jpg	Utah	Bryce Canyon Sunrise
934	jons/pictures3/bryce_4_bg_070503.jpg	Utah	Hoodoo Towers
935	jons/pictures3/bryce_5_bg_070403.jpg	Utah	Bryce Canyon
936	jons/pictures3/bryce_7_bg_070403.jpg	Utah	Inspiration Point At Bryce Canyon
937	jons/pictures3/bryce_9_bg_070503.jpg	Utah	Bryce At Sunrise Point
938	jons/pictures3/cabbage_1_bg_020703.jpg	Macro	Broccoflower
939	jons/pictures3/crawfish_2_bg_032603.jpg	Home	Crawfish
940	jons/pictures3/crawfish_4_bg_032603.jpg	Cooking	Crawfish
941	jons/pictures3/crawfish_5_bg_032603.jpg	Home	Crawfish
942	jons/pictures3/crawfish_6_bg_032603.jpg	Home	Crawfish
943	jons/pictures3/daisy_1_bg_012503.jpg	Plants	Daisy
944	jons/pictures3/daisy_2_bg_012503.jpg	Macro	Daisy
945	jons/pictures3/daisy_3_bg_013003.jpg	Studio	Daisy Pollen
946	jons/pictures3/daisy_4_bg_013003.jpg	Studio	Daisy
947	jons/pictures3/defcon_1_bg_080303.jpg	Vegas	Vegas Strip
948	jons/pictures3/defcon_6_bg_080203.jpg	Vegas	Las Vegas Strip
949	jons/pictures3/defcon_7_bg_080203.jpg	Vegas	Bellagio Fountains
950	jons/pictures3/desert_14_bg_061403.jpg	Death Valley	Sand Dunes
951	jons/pictures3/desert_15_bg_061403.jpg	Death Valley	Sand Dunes
952	jons/pictures3/desert_16_bg_061403.jpg	Death Valley	Sand & Desert
953	jons/pictures3/desert_1_bg_061403.jpg	Death Valley	Dunes
954	jons/pictures3/disney_1_bg_033003.jpg	OC	Disney
955	jons/pictures3/disney_2_bg_033003.jpg	OC	Disney
956	jons/pictures3/disney_3_bg_033003.jpg	OC	Disney
957	jons/pictures3/disney_4_bg_033003.jpg	OC	Disney
958	jons/pictures3/disney_5_bg_033003.jpg	OC	Disney
959	jons/pictures3/ethnic_5_bg_052503.jpg	Festivals	Sausage
960	jons/pictures3/flower_3_bg_030203.jpg	Home	Bird
961	jons/pictures3/flowers_1_bg_032203.jpg	San Diego	Flowers
962	jons/pictures3/flowers_1_bg_032903.jpg	Plants	Lemons
963	jons/pictures3/fruit_1_bg_012703.jpg	Macro	Fruit Still Life
964	jons/pictures3/fruit_2_bg_020203.jpg	Studio	Fruit & Vegetables
965	jons/pictures3/getty_1_bg_081003.jpg	Los Angeles	Santa Monica Beach
966	jons/pictures3/getty_2_bg_081003.jpg	Los Angeles	Santa Monica Pier
967	jons/pictures3/getty_4_bg_081003.jpg	The Getty	Stone Head
968	jons/pictures3/getty_5_bg_081003.jpg	Los Angeles	Los Angeles Smog
969	jons/pictures3/getty_6_bg_081003.jpg	Los Angeles	Getty Center
970	jons/pictures3/getty_9_bg_081003.jpg	Los Angeles	La Brea Tar Pits
971	jons/pictures3/ireland_31_bg_062002.jpg	Ireland	Ireland
972	jons/pictures3/lime_1_bg_012903.jpg	Studio	Lime And Kiwi
973	jons/pictures3/loma_1_bg_032203.jpg	Ocean	Point Loma
974	jons/pictures3/monument_6_bg_011903.jpg	Utah	Tree
975	jons/pictures3/neworleans_10_bg_021503.jpg	New Orleans	New Orleans
976	jons/pictures3/neworleans_11_bg_021703.jpg	New Orleans	Crawfish
977	jons/pictures3/neworleans_12_bg_021703.jpg	New Orleans	Crawfish
978	jons/pictures3/neworleans_13_bg_021703.jpg	New Orleans	New Orleans
979	jons/pictures3/neworleans_14_bg_021703.jpg	New Orleans	New Orleans
980	jons/pictures3/neworleans_15_bg_021703.jpg	New Orleans	New Orleans
981	jons/pictures3/neworleans_16_bg_021703.jpg	New Orleans	New Orleans
982	jons/pictures3/neworleans_17_bg_021603.jpg	New Orleans	New Orleans
983	jons/pictures3/neworleans_18_bg_021603.jpg	New Orleans	New Orleans
984	jons/pictures3/neworleans_19_bg_021603.jpg	New Orleans	New Orleans
985	jons/pictures3/neworleans_1_bg_021603.jpg	New Orleans	New Orleans
986	jons/pictures3/neworleans_20_bg_021603.jpg	New Orleans	New Orleans
987	jons/pictures3/neworleans_21_bg_021603.jpg	New Orleans	New Orleans
988	jons/pictures3/neworleans_2_bg_021603.jpg	New Orleans	Crawfish
989	jons/pictures3/neworleans_3_bg_021603.jpg	New Orleans	New Orleans
990	jons/pictures3/neworleans_4_bg_021503.jpg	New Orleans	Statue
991	jons/pictures3/neworleans_5_bg_021503.jpg	New Orleans	Statue
992	jons/pictures3/neworleans_6_bg_021503.jpg	New Orleans	Crawfish
993	jons/pictures3/neworleans_7_bg_021503.jpg	New Orleans	Bourbon Street
994	jons/pictures3/neworleans_8_bg_021503.jpg	New Orleans	Statue
995	jons/pictures3/note_1_bg_072803.jpg	Home	Cute
996	jons/pictures3/parrot_1_bg_020203.jpg	SD Zoo	Parrot
997	jons/pictures3/penny_1_bg_020703.jpg	Macro	Penny
998	jons/pictures3/penny_1_bg_031303.jpg	Studio	penny
999	jons/pictures3/pepper_1_bg_020403.jpg	Studio	Pepper
1000	jons/pictures3/rose_1_bg_030703.jpg	Studio	Rose
1001	jons/pictures3/rose_1_bg_042003.jpg	Studio	Rose
1002	jons/pictures3/rose_2_bg_042003.jpg	Studio	Flower
1003	jons/pictures3/rose_3_bg_030703.jpg	Plants	Rose
1004	jons/pictures3/sanantonio_1_bg_041203.jpg	Tourist	San Antonio
1005	jons/pictures3/sanantonio_2_bg_041203.jpg	Tourist	Alamo
1006	jons/pictures3/sequoia_11_bg_060103.jpg	Plants	Dew
1007	jons/pictures3/sequoia_12_bg_060103.jpg	Sequoia	Meadow
1008	jons/pictures3/sequoia_16_bg_060103.jpg	Sequoia	Sequoia Meadow
1009	jons/pictures3/sequoia_18_bg_060103.jpg	Sequoia	Brook
1010	jons/pictures3/sequoia_1_bg_060103.jpg	Sequoia	Bear Attack
1011	jons/pictures3/sequoia_24_bg_060103.jpg	Sequoia	Stream
1012	jons/pictures3/solstice_10_bg_062103.jpg	Home	Dog
1013	jons/pictures3/solstice_11_bg_062103.jpg	Home	Solstice Party
1014	jons/pictures3/solstice_12_bg_062103.jpg	Montana	Fire At Solstice
1015	jons/pictures3/solstice_13_bg_062103.jpg	Montana	Marmot
1016	jons/pictures3/solstice_14_bg_062103.jpg	Yellowstone	Thermal pools
1017	jons/pictures3/solstice_15_bg_062103.jpg	Yellowstone	Biscuit Basin
1018	jons/pictures3/solstice_16_bg_062203.jpg	Yellowstone	Eagle
1019	jons/pictures3/solstice_17_bg_062103.jpg	Yellowstone	Sunset At Biscuit Basin
1020	jons/pictures3/solstice_18_bg_062203.jpg	Yellowstone	Meadow Wildflowers
1021	jons/pictures3/solstice_19_bg_062203.jpg	Yellowstone	Elk At Gibbon Meadow
1022	jons/pictures3/solstice_1_bg_061903.jpg	Montana	Elk
1023	jons/pictures3/solstice_20_bg_062203.jpg	Yellowstone	Swan Lake
1024	jons/pictures3/solstice_21_bg_062203.jpg	Yellowstone	Liberty Cap
1025	jons/pictures3/solstice_23_bg_062203.jpg	Yellowstone	Mammoth Hot Springs
1026	jons/pictures3/solstice_24_bg_062203.jpg	Yellowstone	Mammoth Hot Springs
1027	jons/pictures3/solstice_25_bg_062203.jpg	Yellowstone	Mammoth Hot Springs
1028	jons/pictures3/solstice_26_bg_062203.jpg	Yellowstone	Mammoth Hot Springs
1029	jons/pictures3/solstice_27_bg_062203.jpg	Yellowstone	Mammoth Hot Springs
1030	jons/pictures3/solstice_28_bg_062203.jpg	Yellowstone	Mammoth Hot Springs
1031	jons/pictures3/solstice_29_bg_062203.jpg	Yellowstone	Tower Falls
1032	jons/pictures3/solstice_2_bg_061903.jpg	Montana	Yellowstone
1033	jons/pictures3/solstice_30_bg_062203.jpg	Yellowstone	Undine Falls
1034	jons/pictures3/solstice_31_bg_062203.jpg	Yellowstone	Old Faithful Geyser
1035	jons/pictures3/solstice_32_bg_062203.jpg	Yellowstone	Artist~~s Paint Pots
1036	jons/pictures3/solstice_33_bg_062203.jpg	Yellowstone	Artist~~s Paint Pots
1037	jons/pictures3/solstice_34_bg_062203.jpg	Yellowstone	Thermal Pools
1038	jons/pictures3/solstice_35_bg_062203.jpg	Yellowstone	Morning Glory Pool
1039	jons/pictures3/solstice_37_bg_062303.jpg	Montana	Glacier Morning
1040	jons/pictures3/solstice_38_bg_062303.jpg	Montana	Clouds Over Glacier
1041	jons/pictures3/solstice_39_bg_062403.jpg	Montana	River Cliff
1042	jons/pictures3/solstice_3_bg_061903.jpg	Montana	sunset
1043	jons/pictures3/solstice_40_bg_062403.jpg	Montana	Glacier Trail
1044	jons/pictures3/solstice_41_bg_062403.jpg	Montana	Climbing Moss
1045	jons/pictures3/solstice_42_bg_062403.jpg	Montana	Forest Trail
1046	jons/pictures3/solstice_4_bg_061903.jpg	Yellowstone	Firehole Falls At Dusk
1047	jons/pictures3/solstice_5_bg_061903.jpg	Yellowstone	Biscuit Basin
1048	jons/pictures3/solstice_6_bg_062103.jpg	Macro	Green Hornet
1049	jons/pictures3/solstice_7_bg_062103.jpg	Montana	Falls In Glacier
1050	jons/pictures3/solstice_8_bg_062103.jpg	Home	Food
1051	jons/pictures3/solstice_9_bg_062103.jpg	Home	Glass
1052	jons/pictures3/spider_2_bg_052203.jpg	Macro	Bug
1053	jons/pictures3/spider_3_bg_052203.jpg	Macro	Bug
1054	jons/pictures3/sun_1_bg_061903.jpg	Plants	Flower
1055	jons/pictures3/sunset_1_bg_061903.jpg	La Jolla	Sunset
1056	jons/pictures3/sunset_2_bg_061903.jpg	La Jolla	Sunset
1057	jons/pictures3/user_1_bg_063003.jpg	User Pics	Farmer~~s Market
1058	jons/pictures3/user_2_bg_063003.jpg	User Pics	Jon
1059	jons/pictures3/user_3_bg_063003.jpg	User Pics	Jon Smoking
1060	jons/pictures3/zoo_1_bg_042003.jpg	SD Zoo	Fountain
1061	jons/pictures3/zoo_1_bg_072603.jpg	SD Zoo	Wombat
1062	jons/pictures3/zoo_2_bg_022303.jpg	SD Zoo	Bird
1063	jons/pictures3/zoo_2_bg_072603.jpg	Balboa Park	Lotus Flower
1064	jons/pictures3/zoo_4_bg_050403.jpg	Wild Animal	Butterfly
1065	jons/pictures3/zoo_5_bg_050403.jpg	Wild Animal	Lemur
1066	jons/pictures3/zoo_7_bg_050403.jpg	Wild Animal	Cloudless Sulphur
1067	jons/pictures4/airshow_10_bg_101604.jpg	Airshow	Heritage Flight
1068	jons/pictures4/airshow_11_bg_101604.jpg	Airshow	Bombs
1069	jons/pictures4/airshow_1_bg_101604.jpg	Airshow	Blue Angels
1070	jons/pictures4/airshow_1_bg_101703.jpg	Airshow	Air Show
1071	jons/pictures4/airshow_2_bg_101604.jpg	Airshow	Blue Angels
1072	jons/pictures4/airshow_2_bg_101703.jpg	Airshow	Stunt Plane
1073	jons/pictures4/airshow_3_bg_101604.jpg	Airshow	Blue Angels
1074	jons/pictures4/airshow_3_bg_101703.jpg	Airshow	Air Show
1075	jons/pictures4/airshow_4_bg_101604.jpg	Airshow	Heritage Flight
1076	jons/pictures4/airshow_4_bg_101703.jpg	Airshow	Blue Angels
1077	jons/pictures4/airshow_5_bg_101604.jpg	Airshow	Miramar Heritage Flight
1078	jons/pictures4/airshow_5_bg_101703.jpg	Airshow	Blue Angels
1079	jons/pictures4/airshow_7_bg_101604.jpg	Airshow	F-16 Jet
1080	jons/pictures4/akins_2_bg_050104.jpg	Misc	Deli Sandwiches
1081	jons/pictures4/apartment_10_bg_100804.jpg	Macro	Bees In Flight
1082	jons/pictures4/apartment_3_bg_082904.jpg	Cool Stuff	Dew And Spiderwebs
1083	jons/pictures4/apartment_5_bg_100804.jpg	Home	Moth And Fuchsia
1084	jons/pictures4/apartment_6_bg_082904.jpg	Cool Stuff	Pint Of Beer
1085	jons/pictures4/balboa_10_bg_020704.jpg	Museums	Dinosaurs
1086	jons/pictures4/balboa_10_bg_041104.jpg	Balboa Park	Goldfish & Water
1087	jons/pictures4/balboa_11_bg_020704.jpg	Museums	Gallery
1088	jons/pictures4/balboa_11_bg_041104.jpg	Balboa Park	Red Goldfish
1089	jons/pictures4/balboa_14_bg_041104.jpg	Balboa Park	Bees & Roses
1090	jons/pictures4/balboa_1_bg_120603.jpg	Balboa Park	Holiday Nights
1091	jons/pictures4/balboa_20_bg_120603.jpg	San Diego	Tortilla Making
1092	jons/pictures4/balboa_21_bg_120603.jpg	Festivals	Paella
1093	jons/pictures4/balboa_2_bg_020704.jpg	Misc	Winter Moon
1094	jons/pictures4/balboa_2_bg_120703.jpg	Balboa Park	Fountains at Dusk
1095	jons/pictures4/balboa_4_bg_020704.jpg	Plants	Daisy
1096	jons/pictures4/balboa_5_bg_020704.jpg	Balboa Park	Daisies
1097	jons/pictures4/balboa_6_bg_120603.jpg	Ocean	Crab Shell
1098	jons/pictures4/balboa_8_bg_041104.jpg	Macro	Daisy Detail
1099	jons/pictures4/balboa_9_bg_041104.jpg	Balboa Park	Lotus Blossom
1100	jons/pictures4/balloons_1_bg_060504.jpg	Festivals	Temecula Valley Balloon and Wine Festival
1101	jons/pictures4/balloons_2_bg_060504.jpg	Festivals	Hot Air Balloons
1102	jons/pictures4/balloons_3_bg_060504.jpg	Festivals	Hot Air Balloons
1103	jons/pictures4/bee_1_bg_042404.jpg	Misc	Bee Pollen
1104	jons/pictures4/bee_6_bg_042404.jpg	Macro	Bee Wings
1105	jons/pictures4/beef_3_bg_050104.jpg	Cooking	Grilling Beef
1106	jons/pictures4/beef_4_bg_050104.jpg	Cooking	Noodles and Beef
1107	jons/pictures4/bigsur_10_bg_101203.jpg	Big Sur	Monterey Fog
1108	jons/pictures4/bigsur_11_bg_101203.jpg	Big Sur	Asilomar Beach
1109	jons/pictures4/bigsur_12_bg_101203.jpg	Big Sur	Monterey Fog
1110	jons/pictures4/bigsur_13_bg_101103.jpg	Big Sur	Sand Piper
1111	jons/pictures4/bigsur_14_bg_101103.jpg	Big Sur	Morro Beach
1112	jons/pictures4/bigsur_15_bg_101103.jpg	Big Sur	Seaweed
1113	jons/pictures4/bigsur_16_bg_101103.jpg	Big Sur	Elephant Seals
1114	jons/pictures4/bigsur_17_bg_101103.jpg	Big Sur	Sand Piper
1115	jons/pictures4/bigsur_18_bg_101103.jpg	Big Sur	Big Sur Cove
1116	jons/pictures4/bigsur_19_bg_101103.jpg	Big Sur	McWay Falls
1117	jons/pictures4/bigsur_1_bg_101203.jpg	Big Sur	Big Sur
1118	jons/pictures4/bigsur_22_bg_101203.jpg	Monterey	Sea-Dragon
1119	jons/pictures4/bigsur_23_bg_101203.jpg	Monterey	Jellyfish
1120	jons/pictures4/bigsur_25_bg_101203.jpg	Big Sur	Asilomar Beach
1121	jons/pictures4/bigsur_26_bg_101203.jpg	Big Sur	Sunset
1122	jons/pictures4/bigsur_27_bg_101203.jpg	Big Sur	Sunset
1123	jons/pictures4/bigsur_28_bg_101203.jpg	Big Sur	Sunsets
1124	jons/pictures4/bigsur_29_bg_101203.jpg	Big Sur	Surf
1125	jons/pictures4/bigsur_2_bg_101103.jpg	Big Sur	Big Sur
1126	jons/pictures4/bigsur_30_bg_101303.jpg	Big Sur	Waves Near Monterey
1127	jons/pictures4/bigsur_31_bg_101303.jpg	Big Sur	Waves Crashing
1128	jons/pictures4/bigsur_32_bg_101303.jpg	Big Sur	Point Lobos
1129	jons/pictures4/bigsur_33_bg_101303.jpg	Big Sur	Big Sur
1130	jons/pictures4/bigsur_34_bg_101303.jpg	Big Sur	Point Lobos
1131	jons/pictures4/bigsur_3_bg_101103.jpg	Big Sur	Morro Rock
1132	jons/pictures4/bigsur_4_bg_101103.jpg	Big Sur	McWay Falls
1133	jons/pictures4/bigsur_5_bg_101103.jpg	Big Sur	Bixby Bridge
1134	jons/pictures4/bigsur_6_bg_101103.jpg	Big Sur	Seals
1135	jons/pictures4/bigsur_7_bg_101103.jpg	Big Sur	Seagull
1136	jons/pictures4/bigsur_9_bg_101103.jpg	Big Sur	Seal Boat
1137	jons/pictures4/bodie_10_bg_090604.jpg	Bodie	Bodie Pantry
1138	jons/pictures4/bodie_11_bg_090604.jpg	Bodie	Bodie Ghost Town
1139	jons/pictures4/bodie_12_bg_090604.jpg	Bodie	Bodie Outhouse
1140	jons/pictures4/bodie_14_bg_090604.jpg	Bodie	Bodie Sagebrush
1141	jons/pictures4/bodie_1_bg_090604.jpg	Bodie	Bodie Ghost Town
1142	jons/pictures4/bodie_2_bg_090604.jpg	Bodie	Ghost Towns - Bodie
1143	jons/pictures4/bodie_3_bg_090604.jpg	Bodie	Bodie State Park
1144	jons/pictures4/bodie_4_bg_090604.jpg	Bodie	Bodie California
1145	jons/pictures4/bodie_5_bg_090604.jpg	Bodie	Bodie Streets
1146	jons/pictures4/bodie_6_bg_090604.jpg	Bodie	Bodie Stables
1147	jons/pictures4/bodie_7_bg_090604.jpg	Bodie	Bodie Church Steeple
1148	jons/pictures4/boise_1_bg_083103.jpg	Studio	Berries
1149	jons/pictures4/boise_3_bg_083103.jpg	Studio	Still Life
1150	jons/pictures4/boise_4_bg_083103.jpg	Macro	Pepper Steak
1151	jons/pictures4/boise_5_bg_083103.jpg	Idaho	Pond
1152	jons/pictures4/boise_6_bg_083103.jpg	Idaho	State Capital
1153	jons/pictures4/boise_7_bg_083103.jpg	Plants	Sun Flower
1154	jons/pictures4/butter_1_bg_041004.jpg	Wild Animal	Butterflies
1155	jons/pictures4/butter_3_bg_041004.jpg	Wild Animal	Baby Elephant
1156	jons/pictures4/byrce_11_bg_020104.jpg	Utah	Winter Pines
1157	jons/pictures4/byrce_12_bg_020104.jpg	Utah	Bryce Sunrise
1158	jons/pictures4/byrce_13_bg_020104.jpg	Utah	Bryce Sunrise
1159	jons/pictures4/byrce_3_bg_020104.jpg	Utah	Bryce Canyon Sunrise
1160	jons/pictures4/byrce_5_bg_020104.jpg	Utah	Bryce Canyon
1161	jons/pictures4/byrce_8_bg_013104.jpg	Family	Winter
1162	jons/pictures4/canada_10_bg_061904.jpg	Wyoming	Snake River Valley
1163	jons/pictures4/canada_11_bg_061904.jpg	Wyoming	Grand Teton National Park
1164	jons/pictures4/canada_12_bg_061904.jpg	Wyoming	Mormon Row Barns in Grand Teton
1165	jons/pictures4/canada_13_bg_061904.jpg	Yellowstone	Yellowstone Park Lower Falls
1166	jons/pictures4/canada_14_bg_061904.jpg	Wyoming	Grand Tetons Barn
1167	jons/pictures4/canada_15_bg_061904.jpg	Wyoming	Grand Tetons Barns
1168	jons/pictures4/canada_16_bg_061904.jpg	Yellowstone	Osprey Nest
1169	jons/pictures4/canada_17_bg_061904.jpg	Yellowstone	Yellowstone Lower Falls
1170	jons/pictures4/canada_18_bg_061904.jpg	Yellowstone	Emerald Pool in Yellowstone
1171	jons/pictures4/canada_19_bg_061904.jpg	Yellowstone	Sandhill Cranes
1172	jons/pictures4/canada_1_bg_062104.jpg	Canada	Sunwapta Falls, Jasper
1173	jons/pictures4/canada_20_bg_061904.jpg	Yellowstone	Coyote and Antelope
1174	jons/pictures4/canada_21_bg_061904.jpg	Yellowstone	Lamar Valley
1175	jons/pictures4/canada_22_bg_061904.jpg	Montana	Logan Pass Trail
1176	jons/pictures4/canada_25_bg_061904.jpg	Beltaine	Solstice Fire
1177	jons/pictures4/canada_26_bg_061904.jpg	Montana	Lake McDonald In Glacier
1178	jons/pictures4/canada_27_bg_061904.jpg	Canada	Spring Dandelions
1179	jons/pictures4/canada_28_bg_061904.jpg	Canada	Moraine Lake In Banff
1180	jons/pictures4/canada_29_bg_061904.jpg	Canada	Rocky Mountain Bighorn Sheep
1181	jons/pictures4/canada_2_bg_062104.jpg	Montana	Wild Goose Island
1182	jons/pictures4/canada_30_bg_061904.jpg	Canada	Bankhead Ghost Town
1183	jons/pictures4/canada_31_bg_061904.jpg	Canada	Glacier
1184	jons/pictures4/canada_32_bg_061904.jpg	Canada	Banff Canada
1185	jons/pictures4/canada_33_bg_061904.jpg	Canada	The Fairmont Banff Springs
1186	jons/pictures4/canada_34_bg_061904.jpg	Canada	Jasper National Park
1187	jons/pictures4/canada_35_bg_061904.jpg	Canada	Banff National Park
1188	jons/pictures4/canada_36_bg_061904.jpg	Canada	Jasper National Park
1189	jons/pictures4/canada_37_bg_061904.jpg	Canada	Icefields Parkway
1190	jons/pictures4/canada_38_bg_061904.jpg	Montana	Wild Goose Island on St Mary Lake
1191	jons/pictures4/canada_39_bg_061904.jpg	Canada	Waterton Lakes: Prince of Wales Hotel
1192	jons/pictures4/canada_3_bg_062104.jpg	Wyoming	Mormon Row Barns
1193	jons/pictures4/canada_40_bg_061904.jpg	Canada	Jasper Canada
1194	jons/pictures4/canada_41_bg_061904.jpg	Montana	Yellow-bellied marmots
1195	jons/pictures4/canada_42_bg_061904.jpg	Montana	Logan Pass
1196	jons/pictures4/canada_43_bg_061904.jpg	Montana	Mountain Goat
1197	jons/pictures4/canada_44_bg_061904.jpg	Studio	Cherry Tomatos
1198	jons/pictures4/canada_4_bg_061904.jpg	Wyoming	Grand Teton Flowers
1199	jons/pictures4/canada_5_bg_061904.jpg	Wyoming	Grand Tetons
1200	jons/pictures4/canada_6_bg_061904.jpg	Wyoming	Tetons Sunrise
1201	jons/pictures4/canada_7_bg_061904.jpg	Wyoming	Tetons Sunrise
1202	jons/pictures4/cat_1_bg_033104.jpg	Home	Sippy Kitty
1203	jons/pictures4/cat_1_bg_112903.jpg	Home	Cat's Eye
1204	jons/pictures4/cherry_1_bg_012404.jpg	Studio	Cherries
1205	jons/pictures4/cherry_2_bg_012404.jpg	Macro	Cherry
1206	jons/pictures4/cherry_3_bg_012404.jpg	Macro	Bing Cherry
1207	jons/pictures4/chili_12_bg_081504.jpg	Misc	Fried Fish & French Fries
1208	jons/pictures4/chili_2_bg_081404.jpg	Events	Del Mar Horse Racing
1209	jons/pictures4/chili_6_bg_081404.jpg	Macro	Bees Collecting Pollen
1210	jons/pictures4/chili_7_bg_081404.jpg	Macro	Green Sweat Bee
1211	jons/pictures4/clouds_1_bg_082403.jpg	Misc	Clouds
1212	jons/pictures4/clouds_2_bg_082403.jpg	Misc	Clouds
1213	jons/pictures4/death_10_bg_082303.jpg	Death Valley	Racetrack Rocks
1214	jons/pictures4/death_11_bg_082303.jpg	Death Valley	Mud Tracks
1215	jons/pictures4/death_12_bg_082303.jpg	Death Valley	Mud Tracks
1216	jons/pictures4/death_13_bg_082303.jpg	Death Valley	Sand Dunes
1217	jons/pictures4/death_15_bg_082303.jpg	Death Valley	Tracks
1218	jons/pictures4/death_16_bg_082303.jpg	Death Valley	Sand dunes
1219	jons/pictures4/death_19_bg_082303.jpg	Death Valley	Lizard
1220	jons/pictures4/death_1_bg_082303.jpg	Death Valley	Racetrack Playa
1221	jons/pictures4/death_21_bg_082303.jpg	Death Valley	Painter~~s Drive
1222	jons/pictures4/death_22_bg_082303.jpg	Death Valley	Salt Flats
1223	jons/pictures4/death_2_bg_082303.jpg	Death Valley	Racetrack Playa
1224	jons/pictures4/death_3_bg_082303.jpg	Death Valley	Racetrack Playa
1225	jons/pictures4/death_5_bg_082303.jpg	Death Valley	Sliding Stones
1226	jons/pictures4/death_6_bg_082303.jpg	Death Valley	Mud Tracks
1227	jons/pictures4/death_7_bg_082303.jpg	Death Valley	Sliding Stones
1228	jons/pictures4/death_8_bg_082303.jpg	Death Valley	Racetrack Rocks
1229	jons/pictures4/death_9_bg_082303.jpg	Death Valley	Sliding Stones
1230	jons/pictures4/disney_10_bg_112903.jpg	Disney	Sunset
1231	jons/pictures4/disney_10_bg_112903.jpg	Plants	Rain
1232	jons/pictures4/disney_11_bg_112903.jpg	Disney	Disney
1233	jons/pictures4/disney_11_bg_112903.jpg	Misc	Dew
1234	jons/pictures4/disney_12_bg_112903.jpg	Disney	California Adventure
1235	jons/pictures4/disney_13_bg_112903.jpg	Disney	Bug World
1236	jons/pictures4/disney_1_bg_112903.jpg	Disney	Disney
1237	jons/pictures4/disney_2_bg_112903.jpg	Disney	Haunted Mansion
1238	jons/pictures4/disney_3_bg_112903.jpg	Disney	Disney
1239	jons/pictures4/disney_4_bg_112903.jpg	Disney	Disney
1240	jons/pictures4/disney_5_bg_112903.jpg	Disney	Magic Kingdom
1241	jons/pictures4/disney_6_bg_112903.jpg	Disney	Disney
1242	jons/pictures4/disney_7_bg_112903.jpg	Disney	Santa Claus
1243	jons/pictures4/disney_8_bg_112903.jpg	Disney	Seven Dwarves
1244	jons/pictures4/disney_9_bg_112903.jpg	Disney	Neon
1245	jons/pictures4/fire_1_bg_102603.jpg	Home	Fire
1246	jons/pictures4/fire_2_bg_102603.jpg	Home	Smoke
1247	jons/pictures4/fire_4_bg_102603.jpg	Misc	Sunspots
1248	jons/pictures4/fire_5_bg_102603.jpg	Home	Smoke
1249	jons/pictures4/fire_8_bg_102703.jpg	La Jolla	Seawall
1250	jons/pictures4/fireworks_1_bg_070404.jpg	Cool Stuff	San Diego Fireworks
1251	jons/pictures4/fireworks_4_bg_070404.jpg	San Diego	San Diego Skyline at Sunset
1252	jons/pictures4/flower_1_bg_030604.jpg	Plants	Hibiscus
1253	jons/pictures4/flower_2_bg_050904.jpg	San Diego Zoo	Snakehead
1254	jons/pictures4/flower_3_bg_030704.jpg	Wild Animal	Alligator
1255	jons/pictures4/flower_3_bg_032104.jpg	Plants	Butterflies
1256	jons/pictures4/flower_4_bg_030604.jpg	Studio	Hibiscus
1257	jons/pictures4/flower_5_bg_032104.jpg	Misc	Banana Leaf
1258	jons/pictures4/flower_6_bg_032104.jpg	Misc	Diasy
1259	jons/pictures4/garlic_1_bg_122103.jpg	Misc	Garlic
1260	jons/pictures4/goose_1_bg_112303.jpg	Parades	Parade
1261	jons/pictures4/goose_2_bg_112303.jpg	Parades	Parade Float
1262	jons/pictures4/goose_3_bg_112303.jpg	Parades	Marines
1263	jons/pictures4/goose_4_bg_112303.jpg	Parades	Model T
1264	jons/pictures4/goose_5_bg_112303.jpg	Parades	Marching Band
1265	jons/pictures4/goose_6_bg_112303.jpg	Parades	Clowns
1266	jons/pictures4/goose_7_bg_112303.jpg	Copyrighted	Ronald McDonald
1267	jons/pictures4/home_2_bg_091303.jpg	Macro	Spider Web
1268	jons/pictures4/home_3_bg_091303.jpg	Misc	Spiderweb
1269	jons/pictures4/home_4_bg_091303.jpg	Macro	Spider
1270	jons/pictures4/jon_1_bg_051204.jpg	Jon	The Finger
1271	jons/pictures4/la_10_bg_052204.jpg	Los Angeles	Los Angeles Grand Central Market
1272	jons/pictures4/la_16_bg_052204.jpg	Los Angeles	Los Angeles Skyline
1273	jons/pictures4/la_1_bg_052204.jpg	Los Angeles	Disney Concert Hall
1274	jons/pictures4/la_20_bg_052204.jpg	Los Angeles	Hollywood & Highland
1275	jons/pictures4/la_23_bg_052204.jpg	Museums	Museum of Jurassic Technology
1276	jons/pictures4/la_24_bg_052204.jpg	Los Angeles	Hollywood Stars - Kermit the Frog
1277	jons/pictures4/la_2_bg_052204.jpg	Los Angeles	Walt Disney Concert Hall
1278	jons/pictures4/la_3_bg_052204.jpg	Plants	Sunflower
1279	jons/pictures4/la_7_bg_052204.jpg	Misc	Gargoyle
1280	jons/pictures4/la_8_bg_052204.jpg	Los Angeles	Los Angeles Skyscrapers
1281	jons/pictures4/la_9_bg_052204.jpg	Los Angeles	Downtown Los Angeles
1282	jons/pictures4/lajolla_2_bg_060504.jpg	La Jolla	La Jolla Seal Beach
1283	jons/pictures4/lajolla_4_bg_060504.jpg	La Jolla	Seal Beach - La Jolla Cove
1284	jons/pictures4/lajolla_9_bg_060504.jpg	La Jolla	Ellen Browning Scripps Park in La Jolla
1285	jons/pictures4/macro_1_bg_031404.jpg	Macro	Bee
1286	jons/pictures4/macro_1_bg_122703.jpg	Macro	Chili
1287	jons/pictures4/macro_3_bg_122703.jpg	Studio	Clutter
1288	jons/pictures4/macro_4_bg_122703.jpg	Studio	Clutter
1289	jons/pictures4/memorial_10_bg_053004.jpg	Los Angeles	Randy's Donuts Sign
1290	jons/pictures4/memorial_12_bg_053004.jpg	Los Angeles	Chinese Foo Dogs
1291	jons/pictures4/memorial_14_bg_053004.jpg	Los Angeles	Chinatown Los Angeles
1292	jons/pictures4/memorial_15_bg_053004.jpg	OC	Mission San Juan Capistrano
1293	jons/pictures4/memorial_16_bg_053004.jpg	OC	Mission San Juan Capistrano
1294	jons/pictures4/memorial_18_bg_053004.jpg	OC	San Juan Capistrano
1295	jons/pictures4/memorial_19_bg_053004.jpg	OC	San Juan Capistrano
1296	jons/pictures4/memorial_20_bg_053004.jpg	OC	California Missions
1297	jons/pictures4/memorial_21_bg_053004.jpg	OC	California Missions
1298	jons/pictures4/memorial_21_bg_053004.jpg	OC	Mission San Juan Capistrano
1299	jons/pictures4/memorial_4_bg_052904.jpg	Attractions	Dungeness Crab
1300	jons/pictures4/memorial_6_bg_052904.jpg	Los Angeles	Venice Beach Canals
1301	jons/pictures4/memorial_7_bg_052904.jpg	Ocean	Venice Beach Palm Trees
1302	jons/pictures4/moon_2_bg_102704.jpg	Cool Stuff	Lunar Eclipse
1303	jons/pictures4/museum_10_bg_081603.jpg	Los Angeles	Orbs
1304	jons/pictures4/museum_11_bg_081603.jpg	Cool Stuff	Bat Ray Teeth
1305	jons/pictures4/museum_1_bg_081603.jpg	Los Angeles	Santa Monica
1306	jons/pictures4/museum_2_bg_081603.jpg	Cool Stuff	Oarfish
1307	jons/pictures4/museum_5_bg_081603.jpg	Los Angeles	Models
1308	jons/pictures4/parade_1_bg_031304.jpg	Parades	Guinness Man Walking
1309	jons/pictures4/patio_1_bg_061304.jpg	Plants	Daisy With Raindrops
1310	jons/pictures4/pizza_1_bg_032104.jpg	Cooking	Pepperoni Pizzas
1311	jons/pictures4/pizza_1_bg_032204.jpg	Cooking	Pepperoni Pizza
1312	jons/pictures4/plants_7_bg_082104.jpg	Studio	Fractal Broccoli
1313	jons/pictures4/roadtrip_10_bg_021404.jpg	Arizona	Monument Valley
1314	jons/pictures4/roadtrip_11_bg_021404.jpg	Arizona	Monument Valley
1315	jons/pictures4/roadtrip_15_bg_021504.jpg	Arizona	Painted Desert
1316	jons/pictures4/roadtrip_16_bg_021504.jpg	Arizona	Ravens
1317	jons/pictures4/roadtrip_17_bg_021504.jpg	Arizona	Fox
1318	jons/pictures4/roadtrip_18_bg_021504.jpg	Arizona	Agate Bridge
1319	jons/pictures4/roadtrip_19_bg_021504.jpg	Arizona	Petrified Wood
1320	jons/pictures4/roadtrip_1_bg_021404.jpg	Arizona	Arizona
1321	jons/pictures4/roadtrip_20_bg_021504.jpg	Arizona	Newspaper Rock
1322	jons/pictures4/roadtrip_21_bg_021504.jpg	Arizona	Petrified Wood
1323	jons/pictures4/roadtrip_22_bg_021504.jpg	Arizona	Petrified Wood
1324	jons/pictures4/roadtrip_23_bg_021604.jpg	Arizona	Phoenix Skyline
1325	jons/pictures4/roadtrip_24_bg_021604.jpg	Arizona	Sedona
1326	jons/pictures4/roadtrip_25_bg_021604.jpg	Arizona	Barringer Meteorite Crater
1327	jons/pictures4/roadtrip_26_bg_021604.jpg	Arizona	London Bridge
1328	jons/pictures4/roadtrip_2_bg_021404.jpg	Arizona	Grand Canyon
1329	jons/pictures4/roadtrip_3_bg_021404.jpg	Arizona	Grand Canyon
1330	jons/pictures4/roadtrip_5_bg_021404.jpg	Arizona	Grand Canyon
1331	jons/pictures4/roadtrip_6_bg_021404.jpg	Arizona	Grand Canyon
1332	jons/pictures4/roadtrip_7_bg_021404.jpg	Arizona	Grand Canyon
1333	jons/pictures4/roadtrip_8_bg_021404.jpg	Arizona	Betatakin
1334	jons/pictures4/roadtrip_9_bg_021404.jpg	Arizona	Betatakin Cliff Dwellings
1335	jons/pictures4/sandiego_1_bg_122003.jpg	San Diego	San Diego Sunrise
1336	jons/pictures4/sandiego_2_bg_122003.jpg	San Diego	San Deigo Bay
1337	jons/pictures4/sandiego_3_bg_122003.jpg	San Diego	Sailbots at Sunrise
1338	jons/pictures4/sandiego_5_bg_122003.jpg	San Diego	San Diego Sunrise
1339	jons/pictures4/sandwich_1_bg_022804.jpg	Cooking	Poboy Sandwich
1340	jons/pictures4/sandwich_2_bg_022804.jpg	Studio	Grapes
1341	jons/pictures4/scrpts_1_bg_022104.jpg	Attractions	Jellyfish
1342	jons/pictures4/scrpts_2_bg_022104.jpg	Museums	Jellyfish
1343	jons/pictures4/seaworld_4_bg_092504.jpg	Sea World	Shark Encounter
1344	jons/pictures4/sequoia_15_bg_092103.jpg	Sequoia	Leaves In A Stream
1345	jons/pictures4/sequoia_18_bg_092103.jpg	Sequoia	Squirrel
1346	jons/pictures4/sequoia_23_bg_092103.jpg	Sequoia	Rays On The Meadow
1347	jons/pictures4/sequoia_26_bg_092103.jpg	Sequoia	Smokey Path
1348	jons/pictures4/sequoia_27_bg_092103.jpg	Sequoia	Meadow
1349	jons/pictures4/sequoia_3_bg_092103.jpg	Sequoia	Black Bear
1350	jons/pictures4/sequoia_4_bg_092003.jpg	Sequoia	Smoke
1351	jons/pictures4/ships_4_bg_012504.jpg	Events	Cannon Battle
1352	jons/pictures4/spice_2_bg_010104.jpg	Macro	Text
1353	jons/pictures4/spice_4_bg_010104.jpg	Macro	Salt & Pepper II
1354	jons/pictures4/spider_1_bg_082603.jpg	Macro	Spider
1355	jons/pictures4/street_1_bg_090503.jpg	Street Scene	Flogging Molly
1356	jons/pictures4/street_2_bg_090503.jpg	Street Scene	Flogging Molly
1357	jons/pictures4/street_3_bg_090503.jpg	Street Scene	Flogging Molly
1358	jons/pictures4/street_5_bg_090503.jpg	Street Scene	Street Scene
1359	jons/pictures4/sub_1_bg_032704.jpg	Misc	Quizno's Sub
1360	jons/pictures4/sunrise_2_bg_102404.jpg	San Diego	Coronado Bridge
1361	jons/pictures4/sunrise_3_bg_102404.jpg	San Diego	San Diego Skyline
1362	jons/pictures4/sunrise_4_bg_102404.jpg	San Diego	San Diego Morning
1363	jons/pictures4/thanks_1_bg_112703.jpg	Thanksgiving	Champagne
1364	jons/pictures4/thanks_2_bg_112703.jpg	Thanksgiving	Salmon Mousse
1365	jons/pictures4/thanks_3_bg_112703.jpg	Thanksgiving	Shrimp Newburg
1366	jons/pictures4/thanks_4_bg_112703.jpg	Thanksgiving	Chipotle Nachos
1367	jons/pictures4/thanks_5_bg_112703.jpg	Thanksgiving	Wontons
1368	jons/pictures4/thanks_6_bg_112703.jpg	Thanksgiving	Adobo Shrimp
1369	jons/pictures4/thanks_7_bg_112703.jpg	Thanksgiving	Turkey With Mole
1370	jons/pictures4/thanks_8_bg_112703.jpg	Thanksgiving	Beef Eggrolls
1371	jons/pictures4/thanksgiving_1_bg_112504.jpg	Cooking	Champagne
1372	jons/pictures4/tomato_1_bg_052804.jpg	Studio	Green Tomatoes
1373	jons/pictures4/tomato_2_bg_052804.jpg	Studio	Green Tomatoes
1374	jons/pictures4/tomato_3_bg_052804.jpg	Studio	Flower Still Life
1375	jons/pictures4/tomato_4_bg_052804.jpg	Studio	Sunflowers
1376	jons/pictures4/trees_1_bg_010304.jpg	Misc	Palm Trees
1377	jons/pictures4/trees_2_bg_010304.jpg	Ocean	Sunset Cliffs
1378	jons/pictures4/trees_3_bg_010304.jpg	San Diego	San Diego
1379	jons/pictures4/trees_6_bg_010304.jpg	San Diego	Point Loma Lighthouse
1380	jons/pictures4/utc_1_bg_050504.jpg	Attractions	UTC Mall Food Court
1381	jons/pictures4/wedding_2_bg_103004.jpg	Vegas	Bellagio Fountains
1382	jons/pictures4/wedding_4_bg_103004.jpg	Vegas	Bellagio Fountains
1383	jons/pictures4/whale_1_bg_022804.jpg	Ocean	Whale Tail
1384	jons/pictures4/yosemite_10_bg_090404.jpg	Yosemite	Oak Tree
1385	jons/pictures4/yosemite_13_bg_090404.jpg	Yosemite	El Capitan and Merced River In Yosemite
1386	jons/pictures4/yosemite_14_bg_090404.jpg	Yosemite	Yosemite Falls
1387	jons/pictures4/yosemite_15_bg_090404.jpg	Yosemite	Half Dome from Sentinal Bridge
1388	jons/pictures4/yosemite_16_bg_090404.jpg	Yosemite	Half-Dome In Yosemite
1389	jons/pictures4/yosemite_18_bg_090404.jpg	Yosemite	Dragonfly Wings
1390	jons/pictures4/yosemite_19_bg_090404.jpg	Yosemite	Yosemite Valley
1391	jons/pictures4/yosemite_1_bg_090504.jpg	Yosemite	Half Dome
1392	jons/pictures4/yosemite_20_bg_090404.jpg	Yosemite	Half-Dome In Yosemite
1393	jons/pictures4/yosemite_21_bg_090404.jpg	Yosemite	Flying Squirrels In Yosemite
1394	jons/pictures4/yosemite_22_bg_090404.jpg	Yosemite	Yosemite Valley and Half-Dome
1395	jons/pictures4/yosemite_23_bg_090404.jpg	Yosemite	Yosemite Moon
1396	jons/pictures4/yosemite_25_bg_090604.jpg	Bodie	Bodie Mercantile
1397	jons/pictures4/yosemite_26_bg_090604.jpg	Bodie	Bodie Saloon
1398	jons/pictures4/yosemite_27_bg_090604.jpg	Bodie	Bodie Typewriter
1399	jons/pictures4/yosemite_28_bg_090504.jpg	Yosemite	May Lake In Yosemite
1400	jons/pictures4/yosemite_29_bg_090504.jpg	Yosemite	May Lake and Mount Hoffmann
1401	jons/pictures4/yosemite_2_bg_090404.jpg	Yosemite	Yosemite Meadows
1402	jons/pictures4/yosemite_30_bg_090504.jpg	Yosemite	May lake Reflections
1403	jons/pictures4/yosemite_31_bg_090504.jpg	Yosemite	Old Pine In Yosemite
1404	jons/pictures4/yosemite_32_bg_090504.jpg	Yosemite	May lake
1405	jons/pictures4/yosemite_33_bg_090504.jpg	Yosemite	May Lake In Yosemite
1406	jons/pictures4/yosemite_34_bg_090504.jpg	Yosemite	Swimming Under Half-Dome
1407	jons/pictures4/yosemite_40_bg_090504.jpg	Yosemite	El Capitan And Merced River
1408	jons/pictures4/yosemite_4_bg_090504.jpg	Yosemite	Grey Foxes
1409	jons/pictures4/yosemite_5_bg_090404.jpg	Yosemite	Glacier Point
1410	jons/pictures4/yosemite_7_bg_090404.jpg	Yosemite	Yosemite Morning
1411	jons/pictures4/yosemite_8_bg_090404.jpg	Yosemite	El Capitan
1412	jons/pictures4/zion_11_bg_111103.jpg	Zion	Moon Rising
1413	jons/pictures4/zion_12_bg_111003.jpg	Zion	Big Bend
1414	jons/pictures4/zion_14_bg_110903.jpg	Zion	Zion Autumn
1415	jons/pictures4/zion_19_bg_111003.jpg	Zion	Zion Narrows
1416	jons/pictures4/zion_22_bg_111003.jpg	Zion	Zion Hiker
1417	jons/pictures4/zion_24_bg_111003.jpg	Zion	Orderville Canyon
1418	jons/pictures4/zion_26_bg_111103.jpg	Zion	Virgin River
1419	jons/pictures4/zion_27_bg_111103.jpg	Zion	Zion National Park
1420	jons/pictures4/zion_5_bg_111003.jpg	Zion	Zion Narrows
1421	jons/pictures4/zion_6_bg_111003.jpg	Zion	Zion Narrows
1422	jons/pictures4/zoo_1_bg_012604.jpg	SD Zoo	Hummingbird
1423	jons/pictures4/zoo_1_bg_091303.jpg	SD Zoo	Bird
1424	jons/pictures4/zoo_2_bg_012604.jpg	SD Zoo	Pandas
1425	jons/pictures4/zoo_5_bg_091403.jpg	Cool Stuff	Margarita
1426	jons/pictures5/anna_06_bg_030406.jpg	California	Anza-Borrego Desert
1427	jons/pictures5/anza_02_bg_030506.jpg	California	Sacred Datura
1428	jons/pictures5/cheese_01_bg_042706.jpg	Cheese	Sage Derby Cheese
1429	jons/pictures5/cheese_03_bg_042806.jpg	Cheese	Tilsit Cheese
1430	jons/pictures5/cheese_04_bg_042906.jpg	Cheese	Port Salut Cheese
1431	jons/pictures5/cheese_05_bg_042906.jpg	Cheese	Roquefort Cheese
1432	jons/pictures5/cheese_06_bg_042906.jpg	Cheese	Blue  Stilton Cheese
1433	jons/pictures5/cheese_07_bg_042906.jpg	Cheese	Mozzarella Cheese
1434	jons/pictures5/cheese_09_bg_050106.jpg	Cheese	Parmesan Cheese
1435	jons/pictures5/cheese_11_bg_050106.jpg	Cheese	White Cheddar Cheese
1436	jons/pictures5/cheese_12_bg_050106.jpg	Cheese	Brie Cheese
1437	jons/pictures5/cheese_14_bg_050306.jpg	Cheese	Greek Feta Cheese
1438	jons/pictures5/cheese_15_bg_050306.jpg	Cheese	Gorgonzola Cheese
1439	jons/pictures5/cheese_18_bg_050606.jpg	Cheese	Wensleydale Cheese
1440	jons/pictures5/cheese_19_bg_050606.jpg	Cheese	Blueberry White Stilton
1441	jons/pictures5/cheese_21_bg_050906.jpg	Cheese	Stinking Bishop Cheese
1442	jons/pictures5/cheese_22_bg_050906.jpg	Cheese	Danish Blue Cheese
1443	jons/pictures5/cheese_25_bg_051306.jpg	Cheese	Red Leicester Cheese
1444	jons/pictures5/cheese_27_bg_051806.jpg	Cheese	Limberger Cheese
1445	jons/pictures5/cheese_30_bg_051906.jpg	Cheese	Humboldt Fog Cheese
1446	jons/pictures5/cheese_33_bg_052406.jpg	Cheese	Emmi Emmentaler cheese
1447	jons/pictures5/cheese_34_bg_052406.jpg	Cheese	Stravecchio Parmesan cheese
1448	jons/pictures5/cheese_35_bg_052606.jpg	Cheese	Dorset Blue Vinny Cheese
1449	jons/pictures5/cheese_39_bg_053006.jpg	Cheese	St Pat Cheese
1450	jons/pictures5/cheese_53_bg_061806.jpg	Cheese	Shropshire Blue Cheese
1451	jons/pictures5/cheese_65_bg_080906.jpg	Cheese	Couronne Brie
1452	jons/pictures5/cheese_73_bg_082006.jpg	Cheese	El Trigal Manchego Cheese
1453	jons/pictures5/cheese_74_bg_082006.jpg	Cheese	Asiago Pressato Cheese
1454	jons/pictures5/cheese_88_bg_121506.jpg	Cheese	Serena cheese
1455	jons/pictures5/cheese_90_bg_121506.jpg	Cheese	Allgauer Bergkse Cheese
1456	jons/pictures5/cheese_92_bg_122306.jpg	Cheese	Bandaged Wrapped Cheddar
1457	jons/pictures5/chip_1_bg_041024.jpg	Macro	Computer Chips
1458	jons/pictures5/coffee_01_bg_031106.jpg	Macro	Coffee Beans
1459	jons/pictures5/coffee_02_bg_040306.jpg	Misc	Cup Of Coffee
1460	jons/pictures5/flowers_2_bg_121005.jpg	San Francisco	San Francisco
1461	jons/pictures5/ireland_13_bg_070501.jpg	England	The Tower Of London
1462	jons/pictures5/ireland_14_bg_070501.jpg	England	Swiss Re Building
1463	jons/pictures5/ireland_15_bg_070501.jpg	England	British Museum
1464	jons/pictures5/ireland_19_bg_070501.jpg	England	Tower of London Ravens
1465	jons/pictures5/ireland_24_bg_070501.jpg	England	Big Ben
1466	jons/pictures5/ireland_25_bg_070501.jpg	England	Gargoyle
1467	jons/pictures5/ireland_26_bg_070501.jpg	England	Neal's Yard Dairy
1468	jons/pictures5/ireland_27_bg_070501.jpg	England	Buckingham Palace Guards
1469	jons/pictures5/ireland_28_bg_070502.jpg	England	London Underground
1470	jons/pictures5/ireland_30_bg_070503.jpg	England	British Museum Entrance
1471	jons/pictures5/ireland_31_bg_070503.jpg	Museums	Egyptian Hieroglyphs
1472	jons/pictures5/ireland_32_bg_070503.jpg	Museums	Rosetta Stone
1473	jons/pictures5/ireland_35_bg_070504.jpg	England	Tower Bridge
1474	jons/pictures5/ireland_36_bg_070504.jpg	England	Tower Bridge
1475	jons/pictures5/ireland_37_bg_070504.jpg	England	The River Thames
1476	jons/pictures5/ireland_38_bg_070504.jpg	England	Butler's Wharf London
1477	jons/pictures5/ireland_39_bg_070505.jpg	England	St Paul's Cathedral
1478	jons/pictures5/ireland_40_bg_070505.jpg	England	Big Ben
1479	jons/pictures5/ireland_41_bg_070505.jpg	England	Castle Chapel
1480	jons/pictures5/ireland_42_bg_070505.jpg	England	London Underground
1481	jons/pictures5/la_21_bg_052806.jpg	Cheese	Cheese Display
1482	jons/pictures5/montana_08_bg_062406.jpg	Montana	Lake McDonald
1483	jons/pictures5/montana_09_bg_062406.jpg	Misc	White Wine
1484	jons/pictures5/montana_10_bg_061905.jpg	Misc	Candle Flame
1485	jons/pictures5/montana_11_bg_061905.jpg	Misc	Beer and Wine
1486	jons/pictures5/montana_20_bg_062406.jpg	Montana	Glacier Park
1487	jons/pictures5/montana_4_bg_061905.jpg	Cooking	Strawberry Shortcake
1488	jons/pictures5/montana_9_bg_061905.jpg	Plants	Grape Leaf
1489	jons/pictures5/quail_04_bg_040806.jpg	California	Barrel Cactus
1490	jons/pictures5/quail_05_bg_040806.jpg	California	Brittlebush - Encelia farinosa
1491	jons/pictures5/roadtrip_01_bg_041506.jpg	Arizona	Grand Canyon Hikers
1492	jons/pictures5/roadtrip_02_bg_041506.jpg	Vegas	Las Vegas At Night
1493	jons/pictures5/roadtrip_05_bg_041506.jpg	Arizona	Hoover Dam Spillway
1494	jons/pictures5/roadtrip_10_bg_041606.jpg	Arizona	Grand Canyon Rim
1495	jons/pictures5/rose_02_bg_040106.jpg	Plants	Red rose
1496	jons/pictures5/rose_03_bg_040106.jpg	Studio	Pink Whirls Daisy
1497	jons/pictures5/sandiego_01_bg_021806.jpg	San Diego	Clouds and Building
1498	jons/pictures5/sandiego_2_bg_010106.jpg	New Years	Poinsettia Tree
1499	jons/pictures5/sanfran_1_bg_032605.jpg	San Francisco	Palace Of Fine Arts
1500	jons/pictures5/sanfran_2_bg_032605.jpg	San Francisco	Dungeness Crab
1501	jons/pictures5/sanfran_30_bg_090406.jpg	San Francisco	Point Reyes
1502	jons/pictures5/sanfran_3_bg_032605.jpg	San Francisco	Golden Gate Bridge
1503	jons/pictures5/sanfran_4_bg_032605.jpg	San Francisco	Alcatraz Island Prison
1504	jons/pictures5/sanfran_5_bg_032605.jpg	San Francisco	San Francisco Skyline
1505	jons/pictures5/sanfran_61_bg_032605.jpg	San Francisco	Lombard Street
1506	jons/pictures5/sanfran_62_bg_032605.jpg	San Francisco	San Francisco
1507	jons/pictures5/sanfran_63_bg_032605.jpg	San Francisco	San Francisco
1508	jons/pictures5/sanfran_64_bg_032605.jpg	San Francisco	San Francisco
1509	jons/pictures5/sanfran_65_bg_032605.jpg	San Francisco	San Francisco Bridges
1510	jons/pictures5/sanfran_66_bg_032605.jpg	San Francisco	Golden Gate Bridge
1511	jons/pictures5/sanfran_68_bg_032605.jpg	San Francisco	San Francisco Bay
1512	jons/pictures5/sanfran_69_bg_032605.jpg	San Francisco	San Francisco
1513	jons/pictures5/sanfran_6_bg_032605.jpg	San Francisco	Presidio And Golden Gate Bridge
1514	jons/pictures5/sanfran_70_bg_032605.jpg	San Francisco	Golden Gate Bridge in San Francisco
1515	jons/pictures5/sanfran_71_bg_032605.jpg	San Francisco	San Francisco Bay
1516	jons/pictures5/sanfran_72_bg_032605.jpg	San Francisco	Stow Lake in San Francisco
1517	jons/pictures5/sanfran_73_bg_032605.jpg	San Francisco	Stow Lake in Golden Gate Park
1518	jons/pictures5/sanfran_74_bg_032605.jpg	San Francisco	Japanese Tea Garden
1519	jons/pictures5/sanfran_75_bg_032605.jpg	San Francisco	Conservatory of Flowers
1520	jons/pictures5/sanfran_77_bg_032605.jpg	San Francisco	Fisherman's Wharf
1521	jons/pictures5/sanfran_78_bg_032605.jpg	San Francisco	Forbes Island
1522	jons/pictures5/sanfran_79_bg_032605.jpg	San Francisco	Japanese Tea Garden
1523	jons/pictures5/sanfran_7_bg_032605.jpg	San Francisco	Fisherman's Wharf
1524	jons/pictures5/sanfran_80_bg_032605.jpg	San Francisco	Cable Cars
1525	jons/pictures5/sanfran_81_bg_032605.jpg	San Francisco	San Francisco Trolley Cars
1526	jons/pictures5/sanfran_82_bg_032605.jpg	San Francisco	Alcatraz Island
1527	jons/pictures5/sanfran_8_bg_032605.jpg	San Francisco	Coit Tower on telegraph hill
1528	jons/pictures5/vegas_20_bg_103004.jpg	Vegas	Bellagio Fountains Rainbow
1529	jons/pictures5/vegas_41_bg_103004.jpg	Vegas	Vegas Morning
1530	jons/pictures5/vegas_43_bg_103004.jpg	Vegas	Paris Las Vegas
1531	jons/pictures5/wap_03_bg_030406.jpg	San Diego Zoo	Dried Corn Cobs
1532	jons/pictures5/wap_09_bg_030406.jpg	San Diego Zoo	Tree Climbing Deer
1533	jons/pictures5/wap_16_bg_030406.jpg	San Diego Zoo	Ring-tailed Lemur
1534	jons/pictures5/yosemite_51_bg_090504.jpg	Yosemite	Moon Over Tuolumne Meadows
1535	jons/pictures5/yosemite_54_bg_090504.jpg	Yosemite	Yosemite Stream
1536	jons/pictures5/yosemite_55_bg_090504.jpg	Yosemite	Squirrels
1537	jons/pictures5/yosemite_57_bg_090504.jpg	Yosemite	Baby Trout
1538	jons/pictures5/yosemite_58_bg_090504.jpg	Yosemite	Cathedral Peak
1539	jons/pictures5/zoo_03_bg_120306.jpg	San Diego Zoo	Large Lizard
